month,type,prefix,observed_grids,common_grids
202507,age,11030,1,1
202508,age,11030,1,1
202509,age,11030,1,1
202510,age,11030,1,1
202511,age,11030,1,1
202512,age,11030,1,1
202507,age,11040,1,1
202508,age,11040,1,1
202509,age,11040,1,1
202510,age,11040,1,1
202511,age,11040,1,1
202512,age,11040,1,1
202507,age,11220,8,8
202508,age,11220,8,8
202509,age,11220,8,8
202510,age,11220,8,8
202511,age,11220,8,8
202512,age,11220,8,8
202507,age,11230,15250,15178
202508,age,11230,15299,15178
202509,age,11230,15350,15178
202510,age,11230,15383,15178
202511,age,11230,15414,15178
202512,age,11230,15412,15178
202507,age,11240,1,1
202508,age,11240,1,1
202509,age,11240,1,1
202510,age,11240,1,1
202511,age,11240,1,1
202512,age,11240,1,1
202507,age,31370,16,15
202508,age,31370,16,15
202509,age,31370,16,15
202510,age,31370,17,15
202511,age,31370,17,15
202512,age,31370,16,15
202507,age,32010,82819,72272
202508,age,32010,83757,72272
202509,age,32010,84060,72272
202510,age,32010,85309,72272
202511,age,32010,84976,72272
202512,age,32010,82886,72272
202507,age,32310,13,10
202508,age,32310,13,10
202509,age,32310,13,10
202510,age,32310,13,10
202511,age,32310,12,10
202512,age,32310,10,10
202507,age,32370,18,6
202508,age,32370,17,6
202509,age,32370,17,6
202510,age,32370,15,6
202511,age,32370,12,6
202512,age,32370,8,6
202507,age,32380,2,2
202508,age,32380,2,2
202509,age,32380,2,2
202510,age,32380,2,2
202511,age,32380,2,2
202512,age,32380,2,2
202507,time,11030,1,1
202508,time,11030,1,1
202509,time,11030,1,1
202510,time,11030,1,1
202511,time,11030,1,1
202512,time,11030,1,1
202507,time,11040,1,1
202508,time,11040,1,1
202509,time,11040,1,1
202510,time,11040,1,1
202511,time,11040,1,1
202512,time,11040,1,1
202507,time,11220,8,8
202508,time,11220,8,8
202509,time,11220,8,8
202510,time,11220,8,8
202511,time,11220,8,8
202512,time,11220,8,8
202507,time,11230,15251,15191
202508,time,11230,15301,15191
202509,time,11230,15349,15191
202510,time,11230,15387,15191
202511,time,11230,15418,15191
202512,time,11230,15421,15191
202507,time,11240,1,1
202508,time,11240,1,1
202509,time,11240,1,1
202510,time,11240,1,1
202511,time,11240,1,1
202512,time,11240,1,1
202507,time,31370,16,16
202508,time,31370,16,16
202509,time,31370,16,16
202510,time,31370,17,16
202511,time,31370,17,16
202512,time,31370,16,16
202507,time,32010,78791,66613
202508,time,32010,80015,66613
202509,time,32010,79678,66613
202510,time,32010,82436,66613
202511,time,32010,80351,66613
202512,time,32010,77077,66613
202507,time,32310,13,11
202508,time,32310,14,11
202509,time,32310,13,11
202510,time,32310,13,11
202511,time,32310,12,11
202512,time,32310,11,11
202507,time,32370,15,7
202508,time,32370,15,7
202509,time,32370,15,7
202510,time,32370,15,7
202511,time,32370,11,7
202512,time,32370,7,7
202507,time,32380,2,2
202508,time,32380,2,2
202509,time,32380,2,2
202510,time,32380,2,2
202511,time,32380,2,2
202512,time,32380,2,2
202507,wkdy,11030,1,1
202508,wkdy,11030,1,1
202509,wkdy,11030,1,1
202510,wkdy,11030,1,1
202511,wkdy,11030,1,1
202512,wkdy,11030,1,1
202507,wkdy,11040,1,1
202508,wkdy,11040,1,1
202509,wkdy,11040,1,1
202510,wkdy,11040,1,1
202511,wkdy,11040,1,1
202512,wkdy,11040,1,1
202507,wkdy,11220,8,8
202508,wkdy,11220,8,8
202509,wkdy,11220,8,8
202510,wkdy,11220,8,8
202511,wkdy,11220,8,8
202512,wkdy,11220,8,8
202507,wkdy,11230,15369,15334
202508,wkdy,11230,15413,15334
202509,wkdy,11230,15449,15334
202510,wkdy,11230,15486,15334
202511,wkdy,11230,15510,15334
202512,wkdy,11230,15523,15334
202507,wkdy,11240,1,1
202508,wkdy,11240,1,1
202509,wkdy,11240,1,1
202510,wkdy,11240,1,1
202511,wkdy,11240,1,1
202512,wkdy,11240,1,1
202507,wkdy,31370,17,17
202508,wkdy,31370,17,17
202509,wkdy,31370,18,17
202510,wkdy,31370,19,17
202511,wkdy,31370,19,17
202512,wkdy,31370,22,17
202507,wkdy,32010,102349,97283
202508,wkdy,32010,103436,97283
202509,wkdy,32010,104306,97283
202510,wkdy,32010,105046,97283
202511,wkdy,32010,106630,97283
202512,wkdy,32010,105648,97283
202507,wkdy,32310,15,14
202508,wkdy,32310,15,14
202509,wkdy,32310,15,14
202510,wkdy,32310,15,14
202511,wkdy,32310,14,14
202512,wkdy,32310,14,14
202507,wkdy,32370,60,45
202508,wkdy,32370,62,45
202509,wkdy,32370,62,45
202510,wkdy,32370,62,45
202511,wkdy,32370,60,45
202512,wkdy,32370,45,45
202507,wkdy,32380,4,4
202508,wkdy,32380,4,4
202509,wkdy,32380,4,4
202510,wkdy,32380,4,4
202511,wkdy,32380,4,4
202512,wkdy,32380,4,4
