month,prefix,scope,age,grid_value_sum,grids
202507,11030,all_observed,10대,0.16,1
202507,11030,all_observed,20대,0.26,1
202507,11030,all_observed,30대,0.32999999999999996,1
202507,11030,all_observed,40대,0.35,1
202507,11030,all_observed,50대,0.30000000000000004,1
202507,11030,all_observed,60대 이상,0.28,1
202507,11030,common_6months,10대,0.16,1
202507,11030,common_6months,20대,0.26,1
202507,11030,common_6months,30대,0.32999999999999996,1
202507,11030,common_6months,40대,0.35,1
202507,11030,common_6months,50대,0.30000000000000004,1
202507,11030,common_6months,60대 이상,0.28,1
202508,11030,all_observed,10대,0.16,1
202508,11030,all_observed,20대,0.26,1
202508,11030,all_observed,30대,0.28,1
202508,11030,all_observed,40대,0.30000000000000004,1
202508,11030,all_observed,50대,0.28,1
202508,11030,all_observed,60대 이상,0.21000000000000002,1
202508,11030,common_6months,10대,0.16,1
202508,11030,common_6months,20대,0.26,1
202508,11030,common_6months,30대,0.28,1
202508,11030,common_6months,40대,0.30000000000000004,1
202508,11030,common_6months,50대,0.28,1
202508,11030,common_6months,60대 이상,0.21000000000000002,1
202509,11030,all_observed,10대,0.16,1
202509,11030,all_observed,20대,0.26,1
202509,11030,all_observed,30대,0.35,1
202509,11030,all_observed,40대,0.4,1
202509,11030,all_observed,50대,0.38,1
202509,11030,all_observed,60대 이상,0.33,1
202509,11030,common_6months,10대,0.16,1
202509,11030,common_6months,20대,0.26,1
202509,11030,common_6months,30대,0.35,1
202509,11030,common_6months,40대,0.4,1
202509,11030,common_6months,50대,0.38,1
202509,11030,common_6months,60대 이상,0.33,1
202510,11030,all_observed,10대,0.16,1
202510,11030,all_observed,20대,0.26,1
202510,11030,all_observed,30대,0.35,1
202510,11030,all_observed,40대,0.35,1
202510,11030,all_observed,50대,0.33,1
202510,11030,all_observed,60대 이상,0.31,1
202510,11030,common_6months,10대,0.16,1
202510,11030,common_6months,20대,0.26,1
202510,11030,common_6months,30대,0.35,1
202510,11030,common_6months,40대,0.35,1
202510,11030,common_6months,50대,0.33,1
202510,11030,common_6months,60대 이상,0.31,1
202511,11030,all_observed,10대,0.16,1
202511,11030,all_observed,20대,0.26,1
202511,11030,all_observed,30대,0.35,1
202511,11030,all_observed,40대,0.35,1
202511,11030,all_observed,50대,0.33,1
202511,11030,all_observed,60대 이상,0.28,1
202511,11030,common_6months,10대,0.16,1
202511,11030,common_6months,20대,0.26,1
202511,11030,common_6months,30대,0.35,1
202511,11030,common_6months,40대,0.35,1
202511,11030,common_6months,50대,0.33,1
202511,11030,common_6months,60대 이상,0.28,1
202512,11030,all_observed,10대,0.16,1
202512,11030,all_observed,20대,0.23,1
202512,11030,all_observed,30대,0.28,1
202512,11030,all_observed,40대,0.30000000000000004,1
202512,11030,all_observed,50대,0.26,1
202512,11030,all_observed,60대 이상,0.21000000000000002,1
202512,11030,common_6months,10대,0.16,1
202512,11030,common_6months,20대,0.23,1
202512,11030,common_6months,30대,0.28,1
202512,11030,common_6months,40대,0.30000000000000004,1
202512,11030,common_6months,50대,0.26,1
202512,11030,common_6months,60대 이상,0.21000000000000002,1
202507,11040,all_observed,10대,0.0,1
202507,11040,all_observed,20대,0.0,1
202507,11040,all_observed,30대,0.0,1
202507,11040,all_observed,40대,0.03,1
202507,11040,all_observed,50대,0.05,1
202507,11040,all_observed,60대 이상,0.0,1
202507,11040,common_6months,10대,0.0,1
202507,11040,common_6months,20대,0.0,1
202507,11040,common_6months,30대,0.0,1
202507,11040,common_6months,40대,0.03,1
202507,11040,common_6months,50대,0.05,1
202507,11040,common_6months,60대 이상,0.0,1
202508,11040,all_observed,10대,0.0,1
202508,11040,all_observed,20대,0.0,1
202508,11040,all_observed,30대,0.0,1
202508,11040,all_observed,40대,0.0,1
202508,11040,all_observed,50대,0.05,1
202508,11040,all_observed,60대 이상,0.0,1
202508,11040,common_6months,10대,0.0,1
202508,11040,common_6months,20대,0.0,1
202508,11040,common_6months,30대,0.0,1
202508,11040,common_6months,40대,0.0,1
202508,11040,common_6months,50대,0.05,1
202508,11040,common_6months,60대 이상,0.0,1
202509,11040,all_observed,10대,0.0,1
202509,11040,all_observed,20대,0.06,1
202509,11040,all_observed,30대,0.1,1
202509,11040,all_observed,40대,0.1,1
202509,11040,all_observed,50대,0.15000000000000002,1
202509,11040,all_observed,60대 이상,0.11,1
202509,11040,common_6months,10대,0.0,1
202509,11040,common_6months,20대,0.06,1
202509,11040,common_6months,30대,0.1,1
202509,11040,common_6months,40대,0.1,1
202509,11040,common_6months,50대,0.15000000000000002,1
202509,11040,common_6months,60대 이상,0.11,1
202510,11040,all_observed,10대,0.0,1
202510,11040,all_observed,20대,0.0,1
202510,11040,all_observed,30대,0.08,1
202510,11040,all_observed,40대,0.1,1
202510,11040,all_observed,50대,0.1,1
202510,11040,all_observed,60대 이상,0.08,1
202510,11040,common_6months,10대,0.0,1
202510,11040,common_6months,20대,0.0,1
202510,11040,common_6months,30대,0.08,1
202510,11040,common_6months,40대,0.1,1
202510,11040,common_6months,50대,0.1,1
202510,11040,common_6months,60대 이상,0.08,1
202511,11040,all_observed,10대,0.0,1
202511,11040,all_observed,20대,0.0,1
202511,11040,all_observed,30대,0.05,1
202511,11040,all_observed,40대,0.1,1
202511,11040,all_observed,50대,0.1,1
202511,11040,all_observed,60대 이상,0.08,1
202511,11040,common_6months,10대,0.0,1
202511,11040,common_6months,20대,0.0,1
202511,11040,common_6months,30대,0.05,1
202511,11040,common_6months,40대,0.1,1
202511,11040,common_6months,50대,0.1,1
202511,11040,common_6months,60대 이상,0.08,1
202512,11040,all_observed,10대,0.0,1
202512,11040,all_observed,20대,0.0,1
202512,11040,all_observed,30대,0.05,1
202512,11040,all_observed,40대,0.1,1
202512,11040,all_observed,50대,0.1,1
202512,11040,all_observed,60대 이상,0.05,1
202512,11040,common_6months,10대,0.0,1
202512,11040,common_6months,20대,0.0,1
202512,11040,common_6months,30대,0.05,1
202512,11040,common_6months,40대,0.1,1
202512,11040,common_6months,50대,0.1,1
202512,11040,common_6months,60대 이상,0.05,1
202507,11220,all_observed,10대,407.69000000000005,8
202507,11220,all_observed,20대,1448.8899999999999,8
202507,11220,all_observed,30대,1269.5300000000002,8
202507,11220,all_observed,40대,1057.0700000000002,8
202507,11220,all_observed,50대,796.8399999999999,8
202507,11220,all_observed,60대 이상,762.81,8
202507,11220,common_6months,10대,407.69000000000005,8
202507,11220,common_6months,20대,1448.8899999999999,8
202507,11220,common_6months,30대,1269.5300000000002,8
202507,11220,common_6months,40대,1057.0700000000002,8
202507,11220,common_6months,50대,796.8399999999999,8
202507,11220,common_6months,60대 이상,762.81,8
202508,11220,all_observed,10대,399.55,8
202508,11220,all_observed,20대,1409.1999999999998,8
202508,11220,all_observed,30대,1210.58,8
202508,11220,all_observed,40대,987.0300000000002,8
202508,11220,all_observed,50대,742.13,8
202508,11220,all_observed,60대 이상,706.71,8
202508,11220,common_6months,10대,399.55,8
202508,11220,common_6months,20대,1409.1999999999998,8
202508,11220,common_6months,30대,1210.58,8
202508,11220,common_6months,40대,987.0300000000002,8
202508,11220,common_6months,50대,742.13,8
202508,11220,common_6months,60대 이상,706.71,8
202509,11220,all_observed,10대,367.91,8
202509,11220,all_observed,20대,1469.9099999999999,8
202509,11220,all_observed,30대,1374.85,8
202509,11220,all_observed,40대,1117.8700000000001,8
202509,11220,all_observed,50대,840.66,8
202509,11220,all_observed,60대 이상,812.8199999999999,8
202509,11220,common_6months,10대,367.91,8
202509,11220,common_6months,20대,1469.9099999999999,8
202509,11220,common_6months,30대,1374.85,8
202509,11220,common_6months,40대,1117.8700000000001,8
202509,11220,common_6months,50대,840.66,8
202509,11220,common_6months,60대 이상,812.8199999999999,8
202510,11220,all_observed,10대,410.15,8
202510,11220,all_observed,20대,1505.35,8
202510,11220,all_observed,30대,1340.1999999999998,8
202510,11220,all_observed,40대,1074.26,8
202510,11220,all_observed,50대,805.64,8
202510,11220,all_observed,60대 이상,782.78,8
202510,11220,common_6months,10대,410.15,8
202510,11220,common_6months,20대,1505.35,8
202510,11220,common_6months,30대,1340.1999999999998,8
202510,11220,common_6months,40대,1074.26,8
202510,11220,common_6months,50대,805.64,8
202510,11220,common_6months,60대 이상,782.78,8
202511,11220,all_observed,10대,415.05,8
202511,11220,all_observed,20대,1568.48,8
202511,11220,all_observed,30대,1411.5500000000002,8
202511,11220,all_observed,40대,1136.22,8
202511,11220,all_observed,50대,843.78,8
202511,11220,all_observed,60대 이상,805.4100000000001,8
202511,11220,common_6months,10대,415.05,8
202511,11220,common_6months,20대,1568.48,8
202511,11220,common_6months,30대,1411.5500000000002,8
202511,11220,common_6months,40대,1136.22,8
202511,11220,common_6months,50대,843.78,8
202511,11220,common_6months,60대 이상,805.4100000000001,8
202512,11220,all_observed,10대,443.7900000000001,8
202512,11220,all_observed,20대,1523.74,8
202512,11220,all_observed,30대,1391.7599999999998,8
202512,11220,all_observed,40대,1154.77,8
202512,11220,all_observed,50대,861.78,8
202512,11220,all_observed,60대 이상,817.1399999999999,8
202512,11220,common_6months,10대,443.7900000000001,8
202512,11220,common_6months,20대,1523.74,8
202512,11220,common_6months,30대,1391.7599999999998,8
202512,11220,common_6months,40대,1154.77,8
202512,11220,common_6months,50대,861.78,8
202512,11220,common_6months,60대 이상,817.1399999999999,8
202507,11230,all_observed,10대,666592.35,15250
202507,11230,all_observed,20대,1176216.36,15250
202507,11230,all_observed,30대,1461426.87,15250
202507,11230,all_observed,40대,1552478.6600000001,15250
202507,11230,all_observed,50대,1289927.4500000002,15250
202507,11230,all_observed,60대 이상,1396350.5699999998,15250
202507,11230,common_6months,10대,666549.52,15178
202507,11230,common_6months,20대,1176195.37,15178
202507,11230,common_6months,30대,1461400.78,15178
202507,11230,common_6months,40대,1552421.6199999999,15178
202507,11230,common_6months,50대,1289867.48,15178
202507,11230,common_6months,60대 이상,1396259.56,15178
202508,11230,all_observed,10대,672810.28,15299
202508,11230,all_observed,20대,1119760.6099999999,15299
202508,11230,all_observed,30대,1375313.06,15299
202508,11230,all_observed,40대,1455198.29,15299
202508,11230,all_observed,50대,1221654.4100000001,15299
202508,11230,all_observed,60대 이상,1339602.5,15299
202508,11230,common_6months,10대,672662.5700000001,15178
202508,11230,common_6months,20대,1119711.02,15178
202508,11230,common_6months,30대,1375248.51,15178
202508,11230,common_6months,40대,1455066.9700000002,15178
202508,11230,common_6months,50대,1221528.0899999999,15178
202508,11230,common_6months,60대 이상,1339382.03,15178
202509,11230,all_observed,10대,646495.38,15350
202509,11230,all_observed,20대,1144906.2200000002,15350
202509,11230,all_observed,30대,1488390.74,15350
202509,11230,all_observed,40대,1570462.0699999998,15350
202509,11230,all_observed,50대,1306387.22,15350
202509,11230,all_observed,60대 이상,1442780.88,15350
202509,11230,common_6months,10대,646242.78,15178
202509,11230,common_6months,20대,1144836.6,15178
202509,11230,common_6months,30대,1488291.46,15178
202509,11230,common_6months,40대,1570262.0,15178
202509,11230,common_6months,50대,1306197.9300000002,15178
202509,11230,common_6months,60대 이상,1442446.44,15178
202510,11230,all_observed,10대,644592.57,15383
202510,11230,all_observed,20대,1094959.6400000001,15383
202510,11230,all_observed,30대,1365546.79,15383
202510,11230,all_observed,40대,1447364.24,15383
202510,11230,all_observed,50대,1219813.27,15383
202510,11230,all_observed,60대 이상,1360080.33,15383
202510,11230,common_6months,10대,644300.31,15178
202510,11230,common_6months,20대,1094859.7799999998,15178
202510,11230,common_6months,30대,1365412.67,15178
202510,11230,common_6months,40대,1447103.05,15178
202510,11230,common_6months,50대,1219565.8599999999,15178
202510,11230,common_6months,60대 이상,1359664.16,15178
202511,11230,all_observed,10대,669063.52,15414
202511,11230,all_observed,20대,1155633.73,15414
202511,11230,all_observed,30대,1443536.46,15414
202511,11230,all_observed,40대,1518227.81,15414
202511,11230,all_observed,50대,1263324.3,15414
202511,11230,all_observed,60대 이상,1409363.8900000001,15414
202511,11230,common_6months,10대,668726.79,15178
202511,11230,common_6months,20대,1155516.53,15178
202511,11230,common_6months,30대,1443368.13,15178
202511,11230,common_6months,40대,1517924.7,15178
202511,11230,common_6months,50대,1263046.0499999998,15178
202511,11230,common_6months,60대 이상,1408905.5299999998,15178
202512,11230,all_observed,10대,660623.83,15412
202512,11230,all_observed,20대,1121230.1,15412
202512,11230,all_observed,30대,1394796.57,15412
202512,11230,all_observed,40대,1497639.54,15412
202512,11230,all_observed,50대,1249671.92,15412
202512,11230,all_observed,60대 이상,1396681.62,15412
202512,11230,common_6months,10대,660238.28,15178
202512,11230,common_6months,20대,1121086.45,15178
202512,11230,common_6months,30대,1394605.77,15178
202512,11230,common_6months,40대,1497286.16,15178
202512,11230,common_6months,50대,1249353.0899999999,15178
202512,11230,common_6months,60대 이상,1396149.55,15178
202507,11240,all_observed,10대,0.79,1
202507,11240,all_observed,20대,0.8200000000000001,1
202507,11240,all_observed,30대,1.32,1
202507,11240,all_observed,40대,1.71,1
202507,11240,all_observed,50대,1.81,1
202507,11240,all_observed,60대 이상,2.11,1
202507,11240,common_6months,10대,0.79,1
202507,11240,common_6months,20대,0.8200000000000001,1
202507,11240,common_6months,30대,1.32,1
202507,11240,common_6months,40대,1.71,1
202507,11240,common_6months,50대,1.81,1
202507,11240,common_6months,60대 이상,2.11,1
202508,11240,all_observed,10대,0.79,1
202508,11240,all_observed,20대,0.74,1
202508,11240,all_observed,30대,1.25,1
202508,11240,all_observed,40대,1.55,1
202508,11240,all_observed,50대,1.65,1
202508,11240,all_observed,60대 이상,2.0,1
202508,11240,common_6months,10대,0.79,1
202508,11240,common_6months,20대,0.74,1
202508,11240,common_6months,30대,1.25,1
202508,11240,common_6months,40대,1.55,1
202508,11240,common_6months,50대,1.65,1
202508,11240,common_6months,60대 이상,2.0,1
202509,11240,all_observed,10대,0.71,1
202509,11240,all_observed,20대,0.6799999999999999,1
202509,11240,all_observed,30대,1.25,1
202509,11240,all_observed,40대,1.55,1
202509,11240,all_observed,50대,1.65,1
202509,11240,all_observed,60대 이상,1.98,1
202509,11240,common_6months,10대,0.71,1
202509,11240,common_6months,20대,0.6799999999999999,1
202509,11240,common_6months,30대,1.25,1
202509,11240,common_6months,40대,1.55,1
202509,11240,common_6months,50대,1.65,1
202509,11240,common_6months,60대 이상,1.98,1
202510,11240,all_observed,10대,0.77,1
202510,11240,all_observed,20대,0.74,1
202510,11240,all_observed,30대,1.1400000000000001,1
202510,11240,all_observed,40대,1.47,1
202510,11240,all_observed,50대,1.53,1
202510,11240,all_observed,60대 이상,1.9100000000000001,1
202510,11240,common_6months,10대,0.77,1
202510,11240,common_6months,20대,0.74,1
202510,11240,common_6months,30대,1.1400000000000001,1
202510,11240,common_6months,40대,1.47,1
202510,11240,common_6months,50대,1.53,1
202510,11240,common_6months,60대 이상,1.9100000000000001,1
202511,11240,all_observed,10대,0.6599999999999999,1
202511,11240,all_observed,20대,0.6599999999999999,1
202511,11240,all_observed,30대,1.12,1
202511,11240,all_observed,40대,1.44,1
202511,11240,all_observed,50대,1.5,1
202511,11240,all_observed,60대 이상,1.83,1
202511,11240,common_6months,10대,0.6599999999999999,1
202511,11240,common_6months,20대,0.6599999999999999,1
202511,11240,common_6months,30대,1.12,1
202511,11240,common_6months,40대,1.44,1
202511,11240,common_6months,50대,1.5,1
202511,11240,common_6months,60대 이상,1.83,1
202512,11240,all_observed,10대,0.6599999999999999,1
202512,11240,all_observed,20대,0.6599999999999999,1
202512,11240,all_observed,30대,1.09,1
202512,11240,all_observed,40대,1.34,1
202512,11240,all_observed,50대,1.45,1
202512,11240,all_observed,60대 이상,1.78,1
202512,11240,common_6months,10대,0.6599999999999999,1
202512,11240,common_6months,20대,0.6599999999999999,1
202512,11240,common_6months,30대,1.09,1
202512,11240,common_6months,40대,1.34,1
202512,11240,common_6months,50대,1.45,1
202512,11240,common_6months,60대 이상,1.78,1
202507,31370,all_observed,10대,0.68,16
202507,31370,all_observed,20대,4.37,16
202507,31370,all_observed,30대,2.2399999999999998,16
202507,31370,all_observed,40대,1.6900000000000002,16
202507,31370,all_observed,50대,2.0,16
202507,31370,all_observed,60대 이상,3.62,16
202507,31370,common_6months,10대,0.68,15
202507,31370,common_6months,20대,4.31,15
202507,31370,common_6months,30대,2.24,15
202507,31370,common_6months,40대,1.6600000000000001,15
202507,31370,common_6months,50대,1.9200000000000002,15
202507,31370,common_6months,60대 이상,3.5100000000000002,15
202508,31370,all_observed,10대,1.1,16
202508,31370,all_observed,20대,4.42,16
202508,31370,all_observed,30대,2.12,16
202508,31370,all_observed,40대,1.96,16
202508,31370,all_observed,50대,2.5200000000000005,16
202508,31370,all_observed,60대 이상,4.25,16
202508,31370,common_6months,10대,1.1,15
202508,31370,common_6months,20대,4.339999999999999,15
202508,31370,common_6months,30대,2.0900000000000003,15
202508,31370,common_6months,40대,1.8800000000000003,15
202508,31370,common_6months,50대,2.4200000000000004,15
202508,31370,common_6months,60대 이상,4.17,15
202509,31370,all_observed,10대,0.41000000000000003,16
202509,31370,all_observed,20대,3.53,16
202509,31370,all_observed,30대,1.7400000000000002,16
202509,31370,all_observed,40대,1.6,16
202509,31370,all_observed,50대,2.16,16
202509,31370,all_observed,60대 이상,3.87,16
202509,31370,common_6months,10대,0.41000000000000003,15
202509,31370,common_6months,20대,3.529999999999999,15
202509,31370,common_6months,30대,1.7400000000000002,15
202509,31370,common_6months,40대,1.5500000000000003,15
202509,31370,common_6months,50대,2.1100000000000003,15
202509,31370,common_6months,60대 이상,3.79,15
202510,31370,all_observed,10대,0.62,17
202510,31370,all_observed,20대,3.6100000000000003,17
202510,31370,all_observed,30대,1.69,17
202510,31370,all_observed,40대,1.75,17
202510,31370,all_observed,50대,2.0,17
202510,31370,all_observed,60대 이상,3.38,17
202510,31370,common_6months,10대,0.62,15
202510,31370,common_6months,20대,3.6099999999999994,15
202510,31370,common_6months,30대,1.69,15
202510,31370,common_6months,40대,1.6700000000000004,15
202510,31370,common_6months,50대,1.9000000000000001,15
202510,31370,common_6months,60대 이상,3.24,15
202511,31370,all_observed,10대,0.41000000000000003,17
202511,31370,all_observed,20대,2.9099999999999997,17
202511,31370,all_observed,30대,1.5399999999999998,17
202511,31370,all_observed,40대,1.09,17
202511,31370,all_observed,50대,1.01,17
202511,31370,all_observed,60대 이상,1.74,17
202511,31370,common_6months,10대,0.41000000000000003,15
202511,31370,common_6months,20대,2.9099999999999993,15
202511,31370,common_6months,30대,1.5400000000000003,15
202511,31370,common_6months,40대,1.09,15
202511,31370,common_6months,50대,0.9800000000000001,15
202511,31370,common_6months,60대 이상,1.6600000000000001,15
202512,31370,all_observed,10대,0.19,16
202512,31370,all_observed,20대,2.98,16
202512,31370,all_observed,30대,1.6,16
202512,31370,all_observed,40대,0.96,16
202512,31370,all_observed,50대,0.56,16
202512,31370,all_observed,60대 이상,1.07,16
202512,31370,common_6months,10대,0.19,15
202512,31370,common_6months,20대,2.9799999999999995,15
202512,31370,common_6months,30대,1.6000000000000003,15
202512,31370,common_6months,40대,0.96,15
202512,31370,common_6months,50대,0.53,15
202512,31370,common_6months,60대 이상,1.07,15
202507,32010,all_observed,10대,249881.0,82819
202507,32010,all_observed,20대,231007.41,82819
202507,32010,all_observed,30대,226774.09,82819
202507,32010,all_observed,40대,308647.49,82819
202507,32010,all_observed,50대,325360.28,82819
202507,32010,all_observed,60대 이상,454756.95,82819
202507,32010,common_6months,10대,249259.49,72272
202507,32010,common_6months,20대,229565.1,72272
202507,32010,common_6months,30대,225167.56,72272
202507,32010,common_6months,40대,306396.99,72272
202507,32010,common_6months,50대,322648.41000000003,72272
202507,32010,common_6months,60대 이상,451799.54,72272
202508,32010,all_observed,10대,268915.06,83757
202508,32010,all_observed,20대,257121.93,83757
202508,32010,all_observed,30대,232764.02,83757
202508,32010,all_observed,40대,314014.70000000007,83757
202508,32010,all_observed,50대,329953.97,83757
202508,32010,all_observed,60대 이상,457917.75,83757
202508,32010,common_6months,10대,268007.77,72272
202508,32010,common_6months,20대,255345.41999999998,72272
202508,32010,common_6months,30대,230936.27,72272
202508,32010,common_6months,40대,311465.62,72272
202508,32010,common_6months,50대,326884.79,72272
202508,32010,common_6months,60대 이상,454492.31,72272
202509,32010,all_observed,10대,283426.74,84060
202509,32010,all_observed,20대,313906.53,84060
202509,32010,all_observed,30대,234562.83000000002,84060
202509,32010,all_observed,40대,318351.76,84060
202509,32010,all_observed,50대,334390.93000000005,84060
202509,32010,all_observed,60대 이상,470125.81000000006,84060
202509,32010,common_6months,10대,282794.41000000003,72272
202509,32010,common_6months,20대,312242.6,72272
202509,32010,common_6months,30대,232700.65000000002,72272
202509,32010,common_6months,40대,315740.47,72272
202509,32010,common_6months,50대,331096.23000000004,72272
202509,32010,common_6months,60대 이상,466106.33,72272
202510,32010,all_observed,10대,266328.93,85309
202510,32010,all_observed,20대,257950.27000000002,85309
202510,32010,all_observed,30대,243452.37,85309
202510,32010,all_observed,40대,321627.56,85309
202510,32010,all_observed,50대,331434.92000000004,85309
202510,32010,all_observed,60대 이상,468558.31,85309
202510,32010,common_6months,10대,265192.72000000003,72272
202510,32010,common_6months,20대,256128.03,72272
202510,32010,common_6months,30대,241218.25,72272
202510,32010,common_6months,40대,318547.32999999996,72272
202510,32010,common_6months,50대,327817.93,72272
202510,32010,common_6months,60대 이상,463920.87,72272
202511,32010,all_observed,10대,269319.37,84976
202511,32010,all_observed,20대,265538.03,84976
202511,32010,all_observed,30대,229610.09,84976
202511,32010,all_observed,40대,312010.7,84976
202511,32010,all_observed,50대,325946.79,84976
202511,32010,all_observed,60대 이상,458903.9,84976
202511,32010,common_6months,10대,267966.04,72272
202511,32010,common_6months,20대,262470.25,72272
202511,32010,common_6months,30대,226066.57,72272
202511,32010,common_6months,40대,307030.76,72272
202511,32010,common_6months,50대,320063.84,72272
202511,32010,common_6months,60대 이상,452233.92000000004,72272
202512,32010,all_observed,10대,257756.82,82886
202512,32010,all_observed,20대,244019.47999999998,82886
202512,32010,all_observed,30대,220613.39,82886
202512,32010,all_observed,40대,300730.72,82886
202512,32010,all_observed,50대,315463.74999999994,82886
202512,32010,all_observed,60대 이상,435776.48000000004,82886
202512,32010,common_6months,10대,256346.53000000003,72272
202512,32010,common_6months,20대,240932.13999999998,72272
202512,32010,common_6months,30대,217383.13,72272
202512,32010,common_6months,40대,296294.98,72272
202512,32010,common_6months,50대,310276.16,72272
202512,32010,common_6months,60대 이상,430218.56,72272
202507,32310,all_observed,10대,2.2500000000000004,13
202507,32310,all_observed,20대,1.3400000000000003,13
202507,32310,all_observed,30대,2.5,13
202507,32310,all_observed,40대,4.4,13
202507,32310,all_observed,50대,6.16,13
202507,32310,all_observed,60대 이상,15.940000000000001,13
202507,32310,common_6months,10대,2.25,10
202507,32310,common_6months,20대,1.31,10
202507,32310,common_6months,30대,2.4400000000000004,10
202507,32310,common_6months,40대,4.32,10
202507,32310,common_6months,50대,5.95,10
202507,32310,common_6months,60대 이상,15.3,10
202508,32310,all_observed,10대,3.0800000000000005,13
202508,32310,all_observed,20대,1.7200000000000002,13
202508,32310,all_observed,30대,2.74,13
202508,32310,all_observed,40대,4.94,13
202508,32310,all_observed,50대,6.73,13
202508,32310,all_observed,60대 이상,16.43,13
202508,32310,common_6months,10대,2.99,10
202508,32310,common_6months,20대,1.6400000000000001,10
202508,32310,common_6months,30대,2.6500000000000004,10
202508,32310,common_6months,40대,4.91,10
202508,32310,common_6months,50대,6.5200000000000005,10
202508,32310,common_6months,60대 이상,15.790000000000001,10
202509,32310,all_observed,10대,1.3900000000000001,13
202509,32310,all_observed,20대,1.08,13
202509,32310,all_observed,30대,2.04,13
202509,32310,all_observed,40대,3.87,13
202509,32310,all_observed,50대,5.23,13
202509,32310,all_observed,60대 이상,13.379999999999999,13
202509,32310,common_6months,10대,1.33,10
202509,32310,common_6months,20대,1.05,10
202509,32310,common_6months,30대,1.9900000000000002,10
202509,32310,common_6months,40대,3.7900000000000005,10
202509,32310,common_6months,50대,5.05,10
202509,32310,common_6months,60대 이상,12.79,10
202510,32310,all_observed,10대,2.92,13
202510,32310,all_observed,20대,1.26,13
202510,32310,all_observed,30대,2.9000000000000004,13
202510,32310,all_observed,40대,4.8100000000000005,13
202510,32310,all_observed,50대,6.44,13
202510,32310,all_observed,60대 이상,14.330000000000002,13
202510,32310,common_6months,10대,2.83,10
202510,32310,common_6months,20대,1.2600000000000002,10
202510,32310,common_6months,30대,2.8200000000000003,10
202510,32310,common_6months,40대,4.619999999999999,10
202510,32310,common_6months,50대,6.1899999999999995,10
202510,32310,common_6months,60대 이상,13.71,10
202511,32310,all_observed,10대,1.63,12
202511,32310,all_observed,20대,0.63,12
202511,32310,all_observed,30대,1.32,12
202511,32310,all_observed,40대,2.63,12
202511,32310,all_observed,50대,3.5200000000000005,12
202511,32310,all_observed,60대 이상,8.61,12
202511,32310,common_6months,10대,1.54,10
202511,32310,common_6months,20대,0.63,10
202511,32310,common_6months,30대,1.3199999999999998,10
202511,32310,common_6months,40대,2.58,10
202511,32310,common_6months,50대,3.46,10
202511,32310,common_6months,60대 이상,8.52,10
202512,32310,all_observed,10대,1.0300000000000002,10
202512,32310,all_observed,20대,0.45999999999999996,10
202512,32310,all_observed,30대,0.8800000000000001,10
202512,32310,all_observed,40대,1.69,10
202512,32310,all_observed,50대,2.31,10
202512,32310,all_observed,60대 이상,5.83,10
202512,32310,common_6months,10대,1.0300000000000002,10
202512,32310,common_6months,20대,0.45999999999999996,10
202512,32310,common_6months,30대,0.8800000000000001,10
202512,32310,common_6months,40대,1.69,10
202512,32310,common_6months,50대,2.31,10
202512,32310,common_6months,60대 이상,5.83,10
202507,32370,all_observed,10대,1.63,18
202507,32370,all_observed,20대,1.25,18
202507,32370,all_observed,30대,2.14,18
202507,32370,all_observed,40대,3.5700000000000003,18
202507,32370,all_observed,50대,5.0600000000000005,18
202507,32370,all_observed,60대 이상,9.73,18
202507,32370,common_6months,10대,1.25,6
202507,32370,common_6months,20대,0.9300000000000002,6
202507,32370,common_6months,30대,1.5899999999999999,6
202507,32370,common_6months,40대,2.81,6
202507,32370,common_6months,50대,3.94,6
202507,32370,common_6months,60대 이상,7.970000000000001,6
202508,32370,all_observed,10대,2.16,17
202508,32370,all_observed,20대,1.5900000000000003,17
202508,32370,all_observed,30대,2.4,17
202508,32370,all_observed,40대,3.7600000000000002,17
202508,32370,all_observed,50대,5.21,17
202508,32370,all_observed,60대 이상,10.01,17
202508,32370,common_6months,10대,1.58,6
202508,32370,common_6months,20대,1.15,6
202508,32370,common_6months,30대,1.67,6
202508,32370,common_6months,40대,2.82,6
202508,32370,common_6months,50대,3.95,6
202508,32370,common_6months,60대 이상,8.0,6
202509,32370,all_observed,10대,1.22,17
202509,32370,all_observed,20대,1.1400000000000001,17
202509,32370,all_observed,30대,1.96,17
202509,32370,all_observed,40대,2.9599999999999995,17
202509,32370,all_observed,50대,5.02,17
202509,32370,all_observed,60대 이상,9.75,17
202509,32370,common_6months,10대,0.8700000000000001,6
202509,32370,common_6months,20대,0.8800000000000001,6
202509,32370,common_6months,30대,1.47,6
202509,32370,common_6months,40대,2.34,6
202509,32370,common_6months,50대,3.69,6
202509,32370,common_6months,60대 이상,7.880000000000001,6
202510,32370,all_observed,10대,2.19,15
202510,32370,all_observed,20대,1.25,15
202510,32370,all_observed,30대,2.23,15
202510,32370,all_observed,40대,3.27,15
202510,32370,all_observed,50대,4.910000000000001,15
202510,32370,all_observed,60대 이상,10.010000000000002,15
202510,32370,common_6months,10대,1.7000000000000002,6
202510,32370,common_6months,20대,0.99,6
202510,32370,common_6months,30대,1.7000000000000002,6
202510,32370,common_6months,40대,2.6900000000000004,6
202510,32370,common_6months,50대,3.83,6
202510,32370,common_6months,60대 이상,8.29,6
202511,32370,all_observed,10대,0.76,12
202511,32370,all_observed,20대,0.53,12
202511,32370,all_observed,30대,1.0,12
202511,32370,all_observed,40대,1.7,12
202511,32370,all_observed,50대,2.54,12
202511,32370,all_observed,60대 이상,6.39,12
202511,32370,common_6months,10대,0.7,6
202511,32370,common_6months,20대,0.53,6
202511,32370,common_6months,30대,1.0,6
202511,32370,common_6months,40대,1.7,6
202511,32370,common_6months,50대,2.4800000000000004,6
202511,32370,common_6months,60대 이상,6.15,6
202512,32370,all_observed,10대,0.33,8
202512,32370,all_observed,20대,0.35,8
202512,32370,all_observed,30대,0.76,8
202512,32370,all_observed,40대,1.1,8
202512,32370,all_observed,50대,1.82,8
202512,32370,all_observed,60대 이상,4.5600000000000005,8
202512,32370,common_6months,10대,0.33,6
202512,32370,common_6months,20대,0.35000000000000003,6
202512,32370,common_6months,30대,0.76,6
202512,32370,common_6months,40대,1.07,6
202512,32370,common_6months,50대,1.7900000000000003,6
202512,32370,common_6months,60대 이상,4.5600000000000005,6
202507,32380,all_observed,10대,0.6799999999999999,2
202507,32380,all_observed,20대,0.51,2
202507,32380,all_observed,30대,0.56,2
202507,32380,all_observed,40대,0.8700000000000001,2
202507,32380,all_observed,50대,1.0899999999999999,2
202507,32380,all_observed,60대 이상,2.0300000000000002,2
202507,32380,common_6months,10대,0.6799999999999999,2
202507,32380,common_6months,20대,0.51,2
202507,32380,common_6months,30대,0.56,2
202507,32380,common_6months,40대,0.8700000000000001,2
202507,32380,common_6months,50대,1.0899999999999999,2
202507,32380,common_6months,60대 이상,2.0300000000000002,2
202508,32380,all_observed,10대,1.0899999999999999,2
202508,32380,all_observed,20대,0.54,2
202508,32380,all_observed,30대,0.64,2
202508,32380,all_observed,40대,0.89,2
202508,32380,all_observed,50대,1.17,2
202508,32380,all_observed,60대 이상,2.06,2
202508,32380,common_6months,10대,1.0899999999999999,2
202508,32380,common_6months,20대,0.54,2
202508,32380,common_6months,30대,0.64,2
202508,32380,common_6months,40대,0.89,2
202508,32380,common_6months,50대,1.17,2
202508,32380,common_6months,60대 이상,2.06,2
202509,32380,all_observed,10대,0.55,2
202509,32380,all_observed,20대,0.43,2
202509,32380,all_observed,30대,0.48,2
202509,32380,all_observed,40대,0.71,2
202509,32380,all_observed,50대,1.07,2
202509,32380,all_observed,60대 이상,1.9600000000000002,2
202509,32380,common_6months,10대,0.55,2
202509,32380,common_6months,20대,0.43,2
202509,32380,common_6months,30대,0.48,2
202509,32380,common_6months,40대,0.71,2
202509,32380,common_6months,50대,1.07,2
202509,32380,common_6months,60대 이상,1.9600000000000002,2
202510,32380,all_observed,10대,0.86,2
202510,32380,all_observed,20대,0.51,2
202510,32380,all_observed,30대,0.53,2
202510,32380,all_observed,40대,0.79,2
202510,32380,all_observed,50대,1.1400000000000001,2
202510,32380,all_observed,60대 이상,1.96,2
202510,32380,common_6months,10대,0.86,2
202510,32380,common_6months,20대,0.51,2
202510,32380,common_6months,30대,0.53,2
202510,32380,common_6months,40대,0.79,2
202510,32380,common_6months,50대,1.1400000000000001,2
202510,32380,common_6months,60대 이상,1.96,2
202511,32380,all_observed,10대,0.53,2
202511,32380,all_observed,20대,0.41000000000000003,2
202511,32380,all_observed,30대,0.43,2
202511,32380,all_observed,40대,0.73,2
202511,32380,all_observed,50대,0.92,2
202511,32380,all_observed,60대 이상,1.81,2
202511,32380,common_6months,10대,0.53,2
202511,32380,common_6months,20대,0.41000000000000003,2
202511,32380,common_6months,30대,0.43,2
202511,32380,common_6months,40대,0.73,2
202511,32380,common_6months,50대,0.92,2
202511,32380,common_6months,60대 이상,1.81,2
202512,32380,all_observed,10대,0.32999999999999996,2
202512,32380,all_observed,20대,0.36,2
202512,32380,all_observed,30대,0.38,2
202512,32380,all_observed,40대,0.59,2
202512,32380,all_observed,50대,0.69,2
202512,32380,all_observed,60대 이상,1.22,2
202512,32380,common_6months,10대,0.32999999999999996,2
202512,32380,common_6months,20대,0.36,2
202512,32380,common_6months,30대,0.38,2
202512,32380,common_6months,40대,0.59,2
202512,32380,common_6months,50대,0.69,2
202512,32380,common_6months,60대 이상,1.22,2
