file,input_rows,removed_rows,clean_rows
flow_age_pop_202507.csv.gz,98129,0,98129
flow_age_pop_202508.csv.gz,99115,0,99115
flow_age_pop_202509.csv.gz,99469,0,99469
flow_age_pop_202510.csv.gz,100750,0,100750
flow_age_pop_202511.csv.gz,100444,0,100444
flow_age_pop_202512.csv.gz,98345,0,98345
flow_time_pop_202507.csv.gz,94099,0,94099
flow_time_pop_202508.csv.gz,95374,0,95374
flow_time_pop_202509.csv.gz,95084,0,95084
flow_time_pop_202510.csv.gz,97881,0,97881
flow_time_pop_202511.csv.gz,95822,0,95822
flow_time_pop_202512.csv.gz,92545,0,92545
flow_wkdy_pop_202507.csv.gz,117825,0,117825
flow_wkdy_pop_202508.csv.gz,118958,0,118958
flow_wkdy_pop_202509.csv.gz,119865,0,119865
flow_wkdy_pop_202510.csv.gz,120643,0,120643
flow_wkdy_pop_202511.csv.gz,122248,0,122248
flow_wkdy_pop_202512.csv.gz,121267,0,121267
