file,type,month,raw_rows,removed_rows,clean_rows,null_cells,remaining_duplicate_keys,negative_values
flow_age_pop_202507.csv,age,202507,98129,0,98129,0,0,0
flow_age_pop_202508.csv,age,202508,99115,0,99115,0,0,0
flow_age_pop_202509.csv,age,202509,99469,0,99469,0,0,0
flow_age_pop_202510.csv,age,202510,100750,0,100750,0,0,0
flow_age_pop_202511.csv,age,202511,100444,0,100444,0,0,0
flow_age_pop_202512.csv,age,202512,98345,0,98345,0,0,0
flow_time_pop_202507.csv,time,202507,94099,0,94099,0,0,0
flow_time_pop_202508.csv,time,202508,95374,0,95374,0,0,0
flow_time_pop_202509.csv,time,202509,95084,0,95084,0,0,0
flow_time_pop_202510.csv,time,202510,97881,0,97881,0,0,0
flow_time_pop_202511.csv,time,202511,95822,0,95822,0,0,0
flow_time_pop_202512.csv,time,202512,185090,92545,92545,0,0,0
flow_wkdy_pop_202507.csv,wkdy,202507,117825,0,117825,0,0,0
flow_wkdy_pop_202508.csv,wkdy,202508,118958,0,118958,0,0,0
flow_wkdy_pop_202509.csv,wkdy,202509,119865,0,119865,0,0,0
flow_wkdy_pop_202510.csv,wkdy,202510,120643,0,120643,0,0,0
flow_wkdy_pop_202511.csv,wkdy,202511,122248,0,122248,0,0,0
flow_wkdy_pop_202512.csv,wkdy,202512,242534,121267,121267,0,0,0
