date,missing_columns
2025-07-01,"precip_duration_hr, new_snow_max_cm, new_snow_max_time, snow_depth_max_cm, snow_depth_max_time, new_snow_3h_sum_cm, remarks, fog_duration_hr"
2025-07-02,"precip_duration_hr, precip_max_10min_mm, precip_max_10min_time, precip_max_1h_mm, precip_max_1h_time, precip_mm, new_snow_max_cm, new_snow_max_time, snow_depth_max_cm, snow_depth_max_time, new_snow_3h_sum_cm, remarks, fog_duration_hr"
2025-07-03,"precip_duration_hr, precip_max_10min_time, precip_max_1h_time, new_snow_max_cm, new_snow_max_time, snow_depth_max_cm, snow_depth_max_time, new_snow_3h_sum_cm, remarks, fog_duration_hr"
2025-07-04,"precip_duration_hr, new_snow_max_cm, new_snow_max_time, snow_depth_max_cm, snow_depth_max_time, new_snow_3h_sum_cm, remarks, fog_duration_hr"
2025-07-05,"precip_duration_hr, precip_max_10min_mm, precip_max_10min_time, precip_max_1h_mm, precip_max_1h_time, precip_mm, new_snow_max_cm, new_snow_max_time, snow_depth_max_cm, snow_depth_max_time, new_snow_3h_sum_cm, remarks, fog_duration_hr"
2025-07-06,"precip_duration_hr, precip_max_10min_mm, precip_max_10min_time, precip_max_1h_mm, precip_max_1h_time, precip_mm, new_snow_max_cm, new_snow_max_time, snow_depth_max_cm, snow_depth_max_time, new_snow_3h_sum_cm, remarks, fog_duration_hr"
2025-07-07,"precip_duration_hr, precip_max_10min_mm, precip_max_10min_time, precip_max_1h_mm, precip_max_1h_time, precip_mm, new_snow_max_cm, new_snow_max_time, snow_depth_max_cm, snow_depth_max_time, new_snow_3h_sum_cm, remarks, fog_duration_hr"
2025-07-08,"precip_duration_hr, precip_max_10min_time, precip_max_1h_time, new_snow_max_cm, new_snow_max_time, snow_depth_max_cm, snow_depth_max_time, new_snow_3h_sum_cm, remarks, fog_duration_hr"
2025-07-09,"precip_duration_hr, precip_max_10min_mm, precip_max_10min_time, precip_max_1h_mm, precip_max_1h_time, precip_mm, new_snow_max_cm, new_snow_max_time, snow_depth_max_cm, snow_depth_max_time, new_snow_3h_sum_cm, remarks, fog_duration_hr"
2025-07-10,"precip_duration_hr, precip_max_10min_mm, precip_max_10min_time, precip_max_1h_mm, precip_max_1h_time, precip_mm, new_snow_max_cm, new_snow_max_time, snow_depth_max_cm, snow_depth_max_time, new_snow_3h_sum_cm, remarks, fog_duration_hr"
2025-07-11,"precip_duration_hr, precip_max_10min_mm, precip_max_10min_time, precip_max_1h_mm, precip_max_1h_time, precip_mm, new_snow_max_cm, new_snow_max_time, snow_depth_max_cm, snow_depth_max_time, new_snow_3h_sum_cm, remarks, fog_duration_hr"
2025-07-12,"precip_duration_hr, precip_max_10min_mm, precip_max_10min_time, precip_max_1h_mm, precip_max_1h_time, precip_mm, new_snow_max_cm, new_snow_max_time, snow_depth_max_cm, snow_depth_max_time, new_snow_3h_sum_cm, remarks, fog_duration_hr"
2025-07-13,"precip_duration_hr, precip_max_10min_time, new_snow_max_cm, new_snow_max_time, snow_depth_max_cm, snow_depth_max_time, new_snow_3h_sum_cm, remarks, fog_duration_hr"
2025-07-14,"precip_duration_hr, new_snow_max_cm, new_snow_max_time, snow_depth_max_cm, snow_depth_max_time, new_snow_3h_sum_cm, remarks, fog_duration_hr"
2025-07-15,"precip_duration_hr, new_snow_max_cm, new_snow_max_time, snow_depth_max_cm, snow_depth_max_time, new_snow_3h_sum_cm, remarks, fog_duration_hr"
2025-07-16,"precip_duration_hr, new_snow_max_cm, new_snow_max_time, snow_depth_max_cm, snow_depth_max_time, new_snow_3h_sum_cm, remarks, fog_duration_hr"
2025-07-17,"precip_duration_hr, new_snow_max_cm, new_snow_max_time, snow_depth_max_cm, snow_depth_max_time, new_snow_3h_sum_cm, remarks, fog_duration_hr"
2025-07-18,"precip_duration_hr, new_snow_max_cm, new_snow_max_time, snow_depth_max_cm, snow_depth_max_time, new_snow_3h_sum_cm, remarks, fog_duration_hr"
2025-07-19,"precip_duration_hr, new_snow_max_cm, new_snow_max_time, snow_depth_max_cm, snow_depth_max_time, new_snow_3h_sum_cm, remarks, fog_duration_hr"
2025-07-20,"precip_duration_hr, new_snow_max_cm, new_snow_max_time, snow_depth_max_cm, snow_depth_max_time, new_snow_3h_sum_cm, remarks, fog_duration_hr"
2025-07-21,"precip_duration_hr, precip_max_10min_mm, precip_max_10min_time, precip_max_1h_mm, precip_max_1h_time, precip_mm, new_snow_max_cm, new_snow_max_time, snow_depth_max_cm, snow_depth_max_time, new_snow_3h_sum_cm, remarks, fog_duration_hr"
2025-07-22,"precip_duration_hr, precip_max_10min_time, precip_max_1h_time, new_snow_max_cm, new_snow_max_time, snow_depth_max_cm, snow_depth_max_time, new_snow_3h_sum_cm, remarks, fog_duration_hr"
2025-07-23,"precip_duration_hr, precip_max_10min_mm, precip_max_10min_time, precip_max_1h_mm, precip_max_1h_time, precip_mm, new_snow_max_cm, new_snow_max_time, snow_depth_max_cm, snow_depth_max_time, new_snow_3h_sum_cm, remarks, fog_duration_hr"
2025-07-24,"precip_duration_hr, precip_max_10min_mm, precip_max_10min_time, precip_max_1h_mm, precip_max_1h_time, precip_mm, new_snow_max_cm, new_snow_max_time, snow_depth_max_cm, snow_depth_max_time, new_snow_3h_sum_cm, remarks, fog_duration_hr"
2025-07-25,"precip_duration_hr, precip_max_10min_mm, precip_max_10min_time, precip_max_1h_mm, precip_max_1h_time, precip_mm, new_snow_max_cm, new_snow_max_time, snow_depth_max_cm, snow_depth_max_time, new_snow_3h_sum_cm, remarks, fog_duration_hr"
2025-07-26,"precip_duration_hr, precip_max_10min_mm, precip_max_10min_time, precip_max_1h_mm, precip_max_1h_time, precip_mm, new_snow_max_cm, new_snow_max_time, snow_depth_max_cm, snow_depth_max_time, new_snow_3h_sum_cm, remarks, fog_duration_hr"
2025-07-27,"precip_duration_hr, precip_max_10min_mm, precip_max_10min_time, precip_max_1h_mm, precip_max_1h_time, precip_mm, new_snow_max_cm, new_snow_max_time, snow_depth_max_cm, snow_depth_max_time, new_snow_3h_sum_cm, remarks, fog_duration_hr"
2025-07-28,"precip_duration_hr, precip_max_10min_mm, precip_max_10min_time, precip_max_1h_mm, precip_max_1h_time, precip_mm, new_snow_max_cm, new_snow_max_time, snow_depth_max_cm, snow_depth_max_time, new_snow_3h_sum_cm, remarks, fog_duration_hr"
2025-07-29,"precip_duration_hr, precip_max_10min_mm, precip_max_10min_time, precip_max_1h_mm, precip_max_1h_time, precip_mm, new_snow_max_cm, new_snow_max_time, snow_depth_max_cm, snow_depth_max_time, new_snow_3h_sum_cm, remarks, fog_duration_hr"
2025-07-30,"precip_duration_hr, precip_max_10min_mm, precip_max_10min_time, precip_max_1h_mm, precip_max_1h_time, precip_mm, new_snow_max_cm, new_snow_max_time, snow_depth_max_cm, snow_depth_max_time, new_snow_3h_sum_cm, remarks, fog_duration_hr"
2025-07-31,"precip_duration_hr, precip_max_10min_mm, precip_max_10min_time, precip_max_1h_mm, precip_max_1h_time, precip_mm, new_snow_max_cm, new_snow_max_time, snow_depth_max_cm, snow_depth_max_time, new_snow_3h_sum_cm, remarks, fog_duration_hr"
2025-08-01,"precip_duration_hr, precip_max_10min_time, precip_max_1h_time, new_snow_max_cm, new_snow_max_time, snow_depth_max_cm, snow_depth_max_time, new_snow_3h_sum_cm, remarks, fog_duration_hr"
2025-08-02,"precip_duration_hr, precip_max_10min_mm, precip_max_10min_time, precip_max_1h_mm, precip_max_1h_time, precip_mm, new_snow_max_cm, new_snow_max_time, snow_depth_max_cm, snow_depth_max_time, new_snow_3h_sum_cm, remarks, fog_duration_hr"
2025-08-03,"precip_duration_hr, new_snow_max_cm, new_snow_max_time, snow_depth_max_cm, snow_depth_max_time, new_snow_3h_sum_cm, remarks, fog_duration_hr"
2025-08-04,"precip_duration_hr, new_snow_max_cm, new_snow_max_time, snow_depth_max_cm, snow_depth_max_time, new_snow_3h_sum_cm, remarks, fog_duration_hr"
2025-08-05,"precip_duration_hr, precip_max_10min_mm, precip_max_10min_time, precip_max_1h_mm, precip_max_1h_time, precip_mm, new_snow_max_cm, new_snow_max_time, snow_depth_max_cm, snow_depth_max_time, new_snow_3h_sum_cm, remarks, fog_duration_hr"
2025-08-06,"precip_duration_hr, new_snow_max_cm, new_snow_max_time, snow_depth_max_cm, snow_depth_max_time, new_snow_3h_sum_cm, remarks, fog_duration_hr"
2025-08-07,"precip_duration_hr, precip_max_10min_mm, precip_max_10min_time, precip_max_1h_mm, precip_max_1h_time, precip_mm, new_snow_max_cm, new_snow_max_time, snow_depth_max_cm, snow_depth_max_time, new_snow_3h_sum_cm, remarks, fog_duration_hr"
2025-08-08,"precip_duration_hr, precip_max_10min_mm, precip_max_10min_time, precip_max_1h_mm, precip_max_1h_time, precip_mm, new_snow_max_cm, new_snow_max_time, snow_depth_max_cm, snow_depth_max_time, new_snow_3h_sum_cm, remarks, fog_duration_hr"
2025-08-09,"precip_duration_hr, precip_max_10min_mm, precip_max_10min_time, precip_max_1h_mm, precip_max_1h_time, precip_mm, new_snow_max_cm, new_snow_max_time, snow_depth_max_cm, snow_depth_max_time, new_snow_3h_sum_cm, remarks, fog_duration_hr"
2025-08-10,"precip_duration_hr, precip_max_10min_mm, precip_max_10min_time, precip_max_1h_mm, precip_max_1h_time, precip_mm, new_snow_max_cm, new_snow_max_time, snow_depth_max_cm, snow_depth_max_time, new_snow_3h_sum_cm, remarks, fog_duration_hr"
2025-08-11,"precip_duration_hr, precip_max_10min_mm, precip_max_10min_time, precip_max_1h_mm, precip_max_1h_time, precip_mm, new_snow_max_cm, new_snow_max_time, snow_depth_max_cm, snow_depth_max_time, new_snow_3h_sum_cm, remarks, fog_duration_hr"
2025-08-12,"precip_duration_hr, precip_max_10min_mm, precip_max_10min_time, precip_max_1h_mm, precip_max_1h_time, precip_mm, new_snow_max_cm, new_snow_max_time, snow_depth_max_cm, snow_depth_max_time, new_snow_3h_sum_cm, remarks, fog_duration_hr"
2025-08-13,"precip_duration_hr, new_snow_max_cm, new_snow_max_time, snow_depth_max_cm, snow_depth_max_time, new_snow_3h_sum_cm, remarks, fog_duration_hr"
2025-08-14,"precip_duration_hr, new_snow_max_cm, new_snow_max_time, snow_depth_max_cm, snow_depth_max_time, new_snow_3h_sum_cm, remarks, fog_duration_hr"
2025-08-15,"precip_duration_hr, precip_max_10min_mm, precip_max_10min_time, precip_max_1h_mm, precip_max_1h_time, precip_mm, new_snow_max_cm, new_snow_max_time, snow_depth_max_cm, snow_depth_max_time, new_snow_3h_sum_cm, remarks, fog_duration_hr"
2025-08-16,"precip_duration_hr, precip_max_10min_mm, precip_max_10min_time, precip_max_1h_mm, precip_max_1h_time, precip_mm, new_snow_max_cm, new_snow_max_time, snow_depth_max_cm, snow_depth_max_time, new_snow_3h_sum_cm, remarks, fog_duration_hr"
2025-08-17,"precip_duration_hr, precip_max_10min_mm, precip_max_10min_time, precip_max_1h_mm, precip_max_1h_time, precip_mm, new_snow_max_cm, new_snow_max_time, snow_depth_max_cm, snow_depth_max_time, new_snow_3h_sum_cm, remarks, fog_duration_hr"
2025-08-18,"precip_duration_hr, new_snow_max_cm, new_snow_max_time, snow_depth_max_cm, snow_depth_max_time, new_snow_3h_sum_cm, remarks, fog_duration_hr"
2025-08-19,"precip_duration_hr, precip_max_10min_mm, precip_max_10min_time, precip_max_1h_mm, precip_max_1h_time, precip_mm, new_snow_max_cm, new_snow_max_time, snow_depth_max_cm, snow_depth_max_time, new_snow_3h_sum_cm, remarks, fog_duration_hr"
2025-08-20,"precip_duration_hr, new_snow_max_cm, new_snow_max_time, snow_depth_max_cm, snow_depth_max_time, new_snow_3h_sum_cm, remarks, fog_duration_hr"
2025-08-21,"precip_duration_hr, precip_max_10min_time, precip_max_1h_time, new_snow_max_cm, new_snow_max_time, snow_depth_max_cm, snow_depth_max_time, new_snow_3h_sum_cm, remarks, fog_duration_hr"
2025-08-22,"precip_duration_hr, precip_max_10min_mm, precip_max_10min_time, precip_max_1h_mm, precip_max_1h_time, precip_mm, new_snow_max_cm, new_snow_max_time, snow_depth_max_cm, snow_depth_max_time, new_snow_3h_sum_cm, remarks, fog_duration_hr"
2025-08-23,"precip_duration_hr, precip_max_10min_time, precip_max_1h_time, new_snow_max_cm, new_snow_max_time, snow_depth_max_cm, snow_depth_max_time, new_snow_3h_sum_cm, remarks, fog_duration_hr"
2025-08-24,"precip_duration_hr, precip_max_10min_mm, precip_max_10min_time, precip_max_1h_mm, precip_max_1h_time, precip_mm, new_snow_max_cm, new_snow_max_time, snow_depth_max_cm, snow_depth_max_time, new_snow_3h_sum_cm, remarks, fog_duration_hr"
2025-08-25,"precip_duration_hr, new_snow_max_cm, new_snow_max_time, snow_depth_max_cm, snow_depth_max_time, new_snow_3h_sum_cm, remarks, fog_duration_hr"
2025-08-26,"precip_duration_hr, new_snow_max_cm, new_snow_max_time, snow_depth_max_cm, snow_depth_max_time, new_snow_3h_sum_cm, remarks, fog_duration_hr"
2025-08-27,"precip_duration_hr, precip_max_10min_mm, precip_max_10min_time, precip_max_1h_mm, precip_max_1h_time, precip_mm, new_snow_max_cm, new_snow_max_time, snow_depth_max_cm, snow_depth_max_time, new_snow_3h_sum_cm, remarks, fog_duration_hr"
2025-08-28,"precip_duration_hr, precip_max_10min_time, precip_max_1h_time, new_snow_max_cm, new_snow_max_time, snow_depth_max_cm, snow_depth_max_time, new_snow_3h_sum_cm, remarks, fog_duration_hr"
2025-08-29,"new_snow_max_cm, new_snow_max_time, snow_depth_max_cm, snow_depth_max_time, new_snow_3h_sum_cm, remarks, fog_duration_hr"
2025-08-30,"precip_duration_hr, new_snow_max_cm, new_snow_max_time, snow_depth_max_cm, snow_depth_max_time, new_snow_3h_sum_cm, remarks, fog_duration_hr"
2025-08-31,"precip_duration_hr, new_snow_max_cm, new_snow_max_time, snow_depth_max_cm, snow_depth_max_time, new_snow_3h_sum_cm, remarks, fog_duration_hr"
2025-09-01,"precip_duration_hr, new_snow_max_cm, new_snow_max_time, snow_depth_max_cm, snow_depth_max_time, new_snow_3h_sum_cm, remarks, fog_duration_hr"
2025-09-02,"precip_duration_hr, precip_max_10min_mm, precip_max_10min_time, precip_max_1h_mm, precip_max_1h_time, precip_mm, new_snow_max_cm, new_snow_max_time, snow_depth_max_cm, snow_depth_max_time, new_snow_3h_sum_cm, remarks, fog_duration_hr"
2025-09-03,"precip_duration_hr, precip_max_10min_mm, precip_max_10min_time, precip_max_1h_mm, precip_max_1h_time, precip_mm, new_snow_max_cm, new_snow_max_time, snow_depth_max_cm, snow_depth_max_time, new_snow_3h_sum_cm, remarks, fog_duration_hr"
2025-09-04,"precip_duration_hr, new_snow_max_cm, new_snow_max_time, snow_depth_max_cm, snow_depth_max_time, new_snow_3h_sum_cm, remarks, fog_duration_hr"
2025-09-05,"precip_duration_hr, precip_max_10min_time, precip_max_1h_time, new_snow_max_cm, new_snow_max_time, snow_depth_max_cm, snow_depth_max_time, new_snow_3h_sum_cm, remarks, fog_duration_hr"
2025-09-06,"precip_duration_hr, new_snow_max_cm, new_snow_max_time, snow_depth_max_cm, snow_depth_max_time, new_snow_3h_sum_cm, remarks, fog_duration_hr"
2025-09-07,"precip_duration_hr, new_snow_max_cm, new_snow_max_time, snow_depth_max_cm, snow_depth_max_time, new_snow_3h_sum_cm, remarks, fog_duration_hr"
2025-09-08,"precip_duration_hr, precip_max_10min_time, precip_max_1h_time, new_snow_max_cm, new_snow_max_time, snow_depth_max_cm, snow_depth_max_time, new_snow_3h_sum_cm, remarks, fog_duration_hr"
2025-09-09,"precip_duration_hr, precip_max_10min_time, precip_max_1h_time, new_snow_max_cm, new_snow_max_time, snow_depth_max_cm, snow_depth_max_time, new_snow_3h_sum_cm, remarks, fog_duration_hr"
2025-09-10,"precip_duration_hr, precip_max_10min_mm, precip_max_10min_time, precip_max_1h_mm, precip_max_1h_time, precip_mm, new_snow_max_cm, new_snow_max_time, snow_depth_max_cm, snow_depth_max_time, new_snow_3h_sum_cm, remarks, fog_duration_hr"
2025-09-11,"precip_duration_hr, precip_max_10min_mm, precip_max_10min_time, precip_max_1h_mm, precip_max_1h_time, precip_mm, new_snow_max_cm, new_snow_max_time, snow_depth_max_cm, snow_depth_max_time, new_snow_3h_sum_cm, remarks, fog_duration_hr"
2025-09-12,"precip_duration_hr, new_snow_max_cm, new_snow_max_time, snow_depth_max_cm, snow_depth_max_time, new_snow_3h_sum_cm, remarks, fog_duration_hr"
2025-09-13,"precip_duration_hr, new_snow_max_cm, new_snow_max_time, snow_depth_max_cm, snow_depth_max_time, new_snow_3h_sum_cm, remarks, fog_duration_hr"
2025-09-14,"precip_duration_hr, precip_max_10min_mm, precip_max_10min_time, precip_max_1h_mm, precip_max_1h_time, precip_mm, new_snow_max_cm, new_snow_max_time, snow_depth_max_cm, snow_depth_max_time, new_snow_3h_sum_cm, remarks, fog_duration_hr"
2025-09-15,"precip_duration_hr, precip_max_10min_mm, precip_max_10min_time, precip_max_1h_mm, precip_max_1h_time, precip_mm, new_snow_max_cm, new_snow_max_time, snow_depth_max_cm, snow_depth_max_time, new_snow_3h_sum_cm, remarks, fog_duration_hr"
2025-09-16,"precip_duration_hr, new_snow_max_cm, new_snow_max_time, snow_depth_max_cm, snow_depth_max_time, new_snow_3h_sum_cm, remarks, fog_duration_hr"
2025-09-17,"precip_duration_hr, new_snow_max_cm, new_snow_max_time, snow_depth_max_cm, snow_depth_max_time, new_snow_3h_sum_cm, remarks, fog_duration_hr"
2025-09-18,"precip_duration_hr, precip_max_10min_mm, precip_max_10min_time, precip_max_1h_mm, precip_max_1h_time, precip_mm, new_snow_max_cm, new_snow_max_time, snow_depth_max_cm, snow_depth_max_time, new_snow_3h_sum_cm, remarks, fog_duration_hr"
2025-09-19,"precip_duration_hr, new_snow_max_cm, new_snow_max_time, snow_depth_max_cm, snow_depth_max_time, new_snow_3h_sum_cm, remarks, fog_duration_hr"
2025-09-20,"precip_duration_hr, new_snow_max_cm, new_snow_max_time, snow_depth_max_cm, snow_depth_max_time, new_snow_3h_sum_cm, remarks, fog_duration_hr"
2025-09-21,"precip_duration_hr, precip_max_10min_mm, precip_max_10min_time, precip_max_1h_mm, precip_max_1h_time, precip_mm, new_snow_max_cm, new_snow_max_time, snow_depth_max_cm, snow_depth_max_time, new_snow_3h_sum_cm, remarks, fog_duration_hr"
2025-09-22,"precip_duration_hr, precip_max_10min_mm, precip_max_10min_time, precip_max_1h_mm, precip_max_1h_time, precip_mm, new_snow_max_cm, new_snow_max_time, snow_depth_max_cm, snow_depth_max_time, new_snow_3h_sum_cm, remarks, fog_duration_hr"
2025-09-23,"precip_duration_hr, precip_max_10min_mm, precip_max_10min_time, precip_max_1h_mm, precip_max_1h_time, precip_mm, new_snow_max_cm, new_snow_max_time, snow_depth_max_cm, snow_depth_max_time, new_snow_3h_sum_cm, remarks, fog_duration_hr"
2025-09-24,"precip_duration_hr, new_snow_max_cm, new_snow_max_time, snow_depth_max_cm, snow_depth_max_time, new_snow_3h_sum_cm, remarks, fog_duration_hr"
2025-09-25,"precip_duration_hr, precip_max_10min_mm, precip_max_10min_time, precip_max_1h_mm, precip_max_1h_time, precip_mm, new_snow_max_cm, new_snow_max_time, snow_depth_max_cm, snow_depth_max_time, new_snow_3h_sum_cm, remarks, fog_duration_hr"
2025-09-26,"precip_duration_hr, precip_max_10min_mm, precip_max_10min_time, precip_max_1h_mm, precip_max_1h_time, precip_mm, new_snow_max_cm, new_snow_max_time, snow_depth_max_cm, snow_depth_max_time, new_snow_3h_sum_cm, remarks, fog_duration_hr"
2025-09-27,"precip_duration_hr, precip_max_10min_mm, precip_max_10min_time, precip_max_1h_mm, precip_max_1h_time, precip_mm, new_snow_max_cm, new_snow_max_time, snow_depth_max_cm, snow_depth_max_time, new_snow_3h_sum_cm, remarks, fog_duration_hr"
2025-09-28,"precip_duration_hr, new_snow_max_cm, new_snow_max_time, snow_depth_max_cm, snow_depth_max_time, new_snow_3h_sum_cm, remarks, fog_duration_hr"
2025-09-29,"precip_duration_hr, precip_max_10min_mm, precip_max_10min_time, precip_max_1h_mm, precip_max_1h_time, precip_mm, new_snow_max_cm, new_snow_max_time, snow_depth_max_cm, snow_depth_max_time, new_snow_3h_sum_cm, remarks, fog_duration_hr"
2025-09-30,"precip_duration_hr, precip_max_10min_mm, precip_max_10min_time, precip_max_1h_mm, precip_max_1h_time, precip_mm, new_snow_max_cm, new_snow_max_time, snow_depth_max_cm, snow_depth_max_time, new_snow_3h_sum_cm, remarks, fog_duration_hr"
2025-10-01,"precip_duration_hr, precip_max_10min_mm, precip_max_10min_time, precip_max_1h_mm, precip_max_1h_time, precip_mm, new_snow_max_cm, new_snow_max_time, snow_depth_max_cm, snow_depth_max_time, new_snow_3h_sum_cm, remarks, fog_duration_hr"
2025-10-02,"precip_duration_hr, precip_max_10min_mm, precip_max_10min_time, precip_max_1h_mm, precip_max_1h_time, precip_mm, new_snow_max_cm, new_snow_max_time, snow_depth_max_cm, snow_depth_max_time, new_snow_3h_sum_cm, remarks, fog_duration_hr"
2025-10-03,"precip_duration_hr, precip_max_10min_time, precip_max_1h_time, new_snow_max_cm, new_snow_max_time, snow_depth_max_cm, snow_depth_max_time, new_snow_3h_sum_cm, remarks, fog_duration_hr"
2025-10-04,"precip_duration_hr, precip_max_10min_mm, precip_max_10min_time, precip_max_1h_mm, precip_max_1h_time, precip_mm, new_snow_max_cm, new_snow_max_time, snow_depth_max_cm, snow_depth_max_time, new_snow_3h_sum_cm, remarks, fog_duration_hr"
2025-10-05,"precip_duration_hr, new_snow_max_cm, new_snow_max_time, snow_depth_max_cm, snow_depth_max_time, new_snow_3h_sum_cm, remarks, fog_duration_hr"
2025-10-06,"precip_duration_hr, new_snow_max_cm, new_snow_max_time, snow_depth_max_cm, snow_depth_max_time, new_snow_3h_sum_cm, remarks, fog_duration_hr"
2025-10-07,"precip_duration_hr, new_snow_max_cm, new_snow_max_time, snow_depth_max_cm, snow_depth_max_time, new_snow_3h_sum_cm, remarks, fog_duration_hr"
2025-10-08,"precip_duration_hr, precip_max_10min_mm, precip_max_10min_time, precip_max_1h_mm, precip_max_1h_time, precip_mm, new_snow_max_cm, new_snow_max_time, snow_depth_max_cm, snow_depth_max_time, new_snow_3h_sum_cm, remarks, fog_duration_hr"
2025-10-09,"precip_duration_hr, precip_max_10min_time, precip_max_1h_time, new_snow_max_cm, new_snow_max_time, snow_depth_max_cm, snow_depth_max_time, new_snow_3h_sum_cm, remarks, fog_duration_hr"
2025-10-10,"precip_duration_hr, new_snow_max_cm, new_snow_max_time, snow_depth_max_cm, snow_depth_max_time, new_snow_3h_sum_cm, remarks, fog_duration_hr"
2025-10-11,"precip_duration_hr, new_snow_max_cm, new_snow_max_time, snow_depth_max_cm, snow_depth_max_time, new_snow_3h_sum_cm, remarks, fog_duration_hr"
2025-10-12,"precip_duration_hr, precip_max_10min_time, precip_max_1h_time, new_snow_max_cm, new_snow_max_time, snow_depth_max_cm, snow_depth_max_time, new_snow_3h_sum_cm, remarks, fog_duration_hr"
2025-10-13,"precip_duration_hr, new_snow_max_cm, new_snow_max_time, snow_depth_max_cm, snow_depth_max_time, new_snow_3h_sum_cm, remarks, fog_duration_hr"
2025-10-14,"precip_duration_hr, precip_max_10min_time, precip_max_1h_time, new_snow_max_cm, new_snow_max_time, snow_depth_max_cm, snow_depth_max_time, new_snow_3h_sum_cm, remarks, fog_duration_hr"
2025-10-15,"precip_duration_hr, new_snow_max_cm, new_snow_max_time, snow_depth_max_cm, snow_depth_max_time, new_snow_3h_sum_cm, remarks, fog_duration_hr"
2025-10-16,"precip_duration_hr, new_snow_max_cm, new_snow_max_time, snow_depth_max_cm, snow_depth_max_time, new_snow_3h_sum_cm, remarks, fog_duration_hr"
2025-10-17,"precip_duration_hr, new_snow_max_cm, new_snow_max_time, snow_depth_max_cm, snow_depth_max_time, new_snow_3h_sum_cm, remarks, fog_duration_hr"
2025-10-18,"precip_duration_hr, new_snow_max_cm, new_snow_max_time, snow_depth_max_cm, snow_depth_max_time, new_snow_3h_sum_cm, remarks, fog_duration_hr"
2025-10-19,"precip_duration_hr, precip_max_10min_mm, precip_max_10min_time, precip_max_1h_mm, precip_max_1h_time, precip_mm, new_snow_max_cm, new_snow_max_time, snow_depth_max_cm, snow_depth_max_time, new_snow_3h_sum_cm, remarks, fog_duration_hr"
2025-10-20,"precip_duration_hr, precip_max_10min_mm, precip_max_10min_time, precip_max_1h_mm, precip_max_1h_time, precip_mm, new_snow_max_cm, new_snow_max_time, snow_depth_max_cm, snow_depth_max_time, new_snow_3h_sum_cm, remarks, fog_duration_hr"
2025-10-21,"precip_duration_hr, precip_max_10min_mm, precip_max_10min_time, precip_max_1h_mm, precip_max_1h_time, precip_mm, new_snow_max_cm, new_snow_max_time, snow_depth_max_cm, snow_depth_max_time, new_snow_3h_sum_cm, remarks, fog_duration_hr"
2025-10-22,"precip_duration_hr, precip_max_10min_mm, precip_max_10min_time, precip_max_1h_mm, precip_max_1h_time, precip_mm, new_snow_max_cm, new_snow_max_time, snow_depth_max_cm, snow_depth_max_time, new_snow_3h_sum_cm, remarks, fog_duration_hr"
2025-10-23,"precip_duration_hr, precip_max_10min_mm, precip_max_10min_time, precip_max_1h_mm, precip_max_1h_time, precip_mm, new_snow_max_cm, new_snow_max_time, snow_depth_max_cm, snow_depth_max_time, new_snow_3h_sum_cm, remarks, fog_duration_hr"
2025-10-24,"precip_duration_hr, precip_max_10min_mm, precip_max_10min_time, precip_max_1h_mm, precip_max_1h_time, precip_mm, new_snow_max_cm, new_snow_max_time, snow_depth_max_cm, snow_depth_max_time, new_snow_3h_sum_cm, remarks, fog_duration_hr"
2025-10-25,"precip_duration_hr, precip_max_10min_mm, precip_max_10min_time, precip_max_1h_mm, precip_max_1h_time, precip_mm, new_snow_max_cm, new_snow_max_time, snow_depth_max_cm, snow_depth_max_time, new_snow_3h_sum_cm, remarks, fog_duration_hr"
2025-10-26,"precip_duration_hr, precip_max_10min_time, precip_max_1h_time, new_snow_max_cm, new_snow_max_time, snow_depth_max_cm, snow_depth_max_time, new_snow_3h_sum_cm, remarks, fog_duration_hr"
2025-10-27,"precip_duration_hr, precip_max_10min_mm, precip_max_10min_time, precip_max_1h_mm, precip_max_1h_time, precip_mm, new_snow_max_cm, new_snow_max_time, snow_depth_max_cm, snow_depth_max_time, new_snow_3h_sum_cm, remarks, fog_duration_hr"
2025-10-28,"precip_duration_hr, precip_max_10min_mm, precip_max_10min_time, precip_max_1h_mm, precip_max_1h_time, precip_mm, new_snow_max_cm, new_snow_max_time, snow_depth_max_cm, snow_depth_max_time, new_snow_3h_sum_cm, remarks, fog_duration_hr"
2025-10-29,"precip_duration_hr, precip_max_10min_mm, precip_max_10min_time, precip_max_1h_mm, precip_max_1h_time, precip_mm, new_snow_max_cm, new_snow_max_time, snow_depth_max_cm, snow_depth_max_time, new_snow_3h_sum_cm, remarks, fog_duration_hr"
2025-10-30,"precip_duration_hr, precip_max_10min_mm, precip_max_10min_time, precip_max_1h_mm, precip_max_1h_time, precip_mm, new_snow_max_cm, new_snow_max_time, snow_depth_max_cm, snow_depth_max_time, new_snow_3h_sum_cm, remarks, fog_duration_hr"
2025-10-31,"precip_duration_hr, new_snow_max_cm, new_snow_max_time, snow_depth_max_cm, snow_depth_max_time, new_snow_3h_sum_cm, remarks, fog_duration_hr"
2025-11-01,"precip_duration_hr, precip_max_10min_mm, precip_max_10min_time, precip_max_1h_mm, precip_max_1h_time, new_snow_max_cm, new_snow_max_time, snow_depth_max_cm, snow_depth_max_time, new_snow_3h_sum_cm, remarks, fog_duration_hr"
2025-11-02,"precip_duration_hr, precip_max_10min_mm, precip_max_10min_time, precip_max_1h_mm, precip_max_1h_time, new_snow_max_cm, new_snow_max_time, snow_depth_max_cm, snow_depth_max_time, new_snow_3h_sum_cm, remarks, fog_duration_hr"
2025-11-03,"precip_duration_hr, precip_max_10min_mm, precip_max_10min_time, precip_max_1h_mm, precip_max_1h_time, precip_mm, new_snow_max_cm, new_snow_max_time, snow_depth_max_cm, snow_depth_max_time, new_snow_3h_sum_cm, remarks, fog_duration_hr"
2025-11-04,"precip_duration_hr, precip_max_10min_mm, precip_max_10min_time, precip_max_1h_mm, precip_max_1h_time, precip_mm, new_snow_max_cm, new_snow_max_time, snow_depth_max_cm, snow_depth_max_time, new_snow_3h_sum_cm, remarks, fog_duration_hr"
2025-11-05,"precip_duration_hr, precip_max_10min_mm, precip_max_10min_time, precip_max_1h_mm, precip_max_1h_time, precip_mm, new_snow_max_cm, new_snow_max_time, snow_depth_max_cm, snow_depth_max_time, new_snow_3h_sum_cm, remarks, fog_duration_hr"
2025-11-06,"precip_duration_hr, precip_max_10min_mm, precip_max_10min_time, precip_max_1h_mm, precip_max_1h_time, precip_mm, new_snow_max_cm, new_snow_max_time, snow_depth_max_cm, snow_depth_max_time, new_snow_3h_sum_cm, remarks, fog_duration_hr"
2025-11-07,"precip_duration_hr, precip_max_10min_mm, precip_max_10min_time, precip_max_1h_mm, precip_max_1h_time, precip_mm, new_snow_max_cm, new_snow_max_time, snow_depth_max_cm, snow_depth_max_time, new_snow_3h_sum_cm, remarks, fog_duration_hr"
2025-11-08,"precip_duration_hr, precip_max_10min_mm, precip_max_10min_time, precip_max_1h_mm, precip_max_1h_time, precip_mm, new_snow_max_cm, new_snow_max_time, snow_depth_max_cm, snow_depth_max_time, new_snow_3h_sum_cm, remarks, fog_duration_hr"
2025-11-09,"precip_duration_hr, precip_max_10min_mm, precip_max_10min_time, precip_max_1h_mm, precip_max_1h_time, precip_mm, new_snow_max_cm, new_snow_max_time, snow_depth_max_cm, snow_depth_max_time, new_snow_3h_sum_cm, remarks, fog_duration_hr"
2025-11-10,"precip_duration_hr, precip_max_10min_mm, precip_max_10min_time, precip_max_1h_mm, precip_max_1h_time, precip_mm, new_snow_max_cm, new_snow_max_time, snow_depth_max_cm, snow_depth_max_time, new_snow_3h_sum_cm, remarks, fog_duration_hr"
2025-11-11,"precip_duration_hr, precip_max_10min_mm, precip_max_10min_time, precip_max_1h_mm, precip_max_1h_time, precip_mm, new_snow_max_cm, new_snow_max_time, snow_depth_max_cm, snow_depth_max_time, new_snow_3h_sum_cm, remarks, fog_duration_hr"
2025-11-12,"precip_duration_hr, precip_max_10min_mm, precip_max_10min_time, precip_max_1h_mm, precip_max_1h_time, precip_mm, new_snow_max_cm, new_snow_max_time, snow_depth_max_cm, snow_depth_max_time, new_snow_3h_sum_cm, remarks, fog_duration_hr"
2025-11-13,"precip_duration_hr, precip_max_10min_mm, precip_max_10min_time, precip_max_1h_mm, precip_max_1h_time, precip_mm, new_snow_max_cm, new_snow_max_time, snow_depth_max_cm, snow_depth_max_time, new_snow_3h_sum_cm, remarks, fog_duration_hr"
2025-11-14,"precip_duration_hr, precip_max_10min_mm, precip_max_10min_time, precip_max_1h_mm, precip_max_1h_time, precip_mm, new_snow_max_cm, new_snow_max_time, snow_depth_max_cm, snow_depth_max_time, new_snow_3h_sum_cm, remarks, fog_duration_hr"
2025-11-15,"precip_duration_hr, precip_max_10min_mm, precip_max_10min_time, precip_max_1h_mm, precip_max_1h_time, precip_mm, new_snow_max_cm, new_snow_max_time, snow_depth_max_cm, snow_depth_max_time, new_snow_3h_sum_cm, remarks, fog_duration_hr"
2025-11-16,"precip_duration_hr, precip_max_10min_mm, precip_max_10min_time, precip_max_1h_mm, precip_max_1h_time, new_snow_max_cm, new_snow_max_time, snow_depth_max_cm, snow_depth_max_time, new_snow_3h_sum_cm, remarks, fog_duration_hr"
2025-11-17,"precip_duration_hr, precip_max_10min_mm, precip_max_10min_time, precip_max_1h_mm, precip_max_1h_time, precip_mm, new_snow_max_cm, new_snow_max_time, snow_depth_max_cm, snow_depth_max_time, new_snow_3h_sum_cm, remarks, fog_duration_hr"
2025-11-18,"precip_duration_hr, precip_max_10min_mm, precip_max_10min_time, precip_max_1h_mm, precip_max_1h_time, precip_mm, new_snow_max_cm, new_snow_max_time, snow_depth_max_cm, snow_depth_max_time, new_snow_3h_sum_cm, remarks, fog_duration_hr"
2025-11-19,"precip_duration_hr, precip_max_10min_mm, precip_max_10min_time, precip_max_1h_mm, precip_max_1h_time, precip_mm, new_snow_max_cm, new_snow_max_time, snow_depth_max_cm, snow_depth_max_time, new_snow_3h_sum_cm, remarks, fog_duration_hr"
2025-11-20,"precip_duration_hr, precip_max_10min_mm, precip_max_10min_time, precip_max_1h_mm, precip_max_1h_time, precip_mm, new_snow_max_cm, new_snow_max_time, snow_depth_max_cm, snow_depth_max_time, new_snow_3h_sum_cm, remarks, fog_duration_hr"
2025-11-21,"precip_duration_hr, precip_max_10min_mm, precip_max_10min_time, precip_max_1h_mm, precip_max_1h_time, precip_mm, new_snow_max_cm, new_snow_max_time, snow_depth_max_cm, snow_depth_max_time, new_snow_3h_sum_cm, remarks, fog_duration_hr"
2025-11-22,"precip_duration_hr, precip_max_10min_mm, precip_max_10min_time, precip_max_1h_mm, precip_max_1h_time, precip_mm, new_snow_max_cm, new_snow_max_time, snow_depth_max_cm, snow_depth_max_time, new_snow_3h_sum_cm, remarks, fog_duration_hr"
2025-11-23,"precip_duration_hr, precip_max_10min_mm, precip_max_10min_time, precip_max_1h_mm, precip_max_1h_time, precip_mm, new_snow_max_cm, new_snow_max_time, snow_depth_max_cm, snow_depth_max_time, new_snow_3h_sum_cm, remarks, fog_duration_hr"
2025-11-24,"precip_duration_hr, precip_max_10min_mm, precip_max_10min_time, precip_max_1h_mm, precip_max_1h_time, precip_mm, new_snow_max_cm, new_snow_max_time, snow_depth_max_cm, snow_depth_max_time, new_snow_3h_sum_cm, remarks, fog_duration_hr"
2025-11-25,"precip_duration_hr, precip_max_10min_mm, precip_max_10min_time, precip_max_1h_mm, precip_max_1h_time, new_snow_max_cm, new_snow_max_time, snow_depth_max_cm, snow_depth_max_time, new_snow_3h_sum_cm, remarks, fog_duration_hr"
2025-11-26,"precip_duration_hr, precip_max_10min_mm, precip_max_10min_time, precip_max_1h_mm, precip_max_1h_time, precip_mm, new_snow_max_cm, new_snow_max_time, snow_depth_max_cm, snow_depth_max_time, new_snow_3h_sum_cm, remarks, fog_duration_hr"
2025-11-27,"precip_duration_hr, precip_max_10min_mm, precip_max_10min_time, precip_max_1h_mm, precip_max_1h_time, new_snow_max_cm, new_snow_max_time, snow_depth_max_cm, snow_depth_max_time, new_snow_3h_sum_cm, remarks, fog_duration_hr"
2025-11-28,"precip_duration_hr, precip_max_10min_mm, precip_max_10min_time, precip_max_1h_mm, precip_max_1h_time, precip_mm, new_snow_max_cm, new_snow_max_time, snow_depth_max_cm, snow_depth_max_time, new_snow_3h_sum_cm, remarks, fog_duration_hr"
2025-11-29,"precip_duration_hr, precip_max_10min_mm, precip_max_10min_time, precip_max_1h_mm, precip_max_1h_time, precip_mm, new_snow_max_cm, new_snow_max_time, snow_depth_max_cm, snow_depth_max_time, new_snow_3h_sum_cm, remarks, fog_duration_hr"
2025-11-30,"precip_duration_hr, precip_max_10min_mm, precip_max_10min_time, precip_max_1h_mm, precip_max_1h_time, precip_mm, new_snow_max_cm, new_snow_max_time, snow_depth_max_cm, snow_depth_max_time, new_snow_3h_sum_cm, remarks, fog_duration_hr"
2025-12-01,"precip_duration_hr, precip_max_10min_mm, precip_max_10min_time, precip_max_1h_mm, precip_max_1h_time, precip_mm, new_snow_max_cm, new_snow_max_time, snow_depth_max_cm, snow_depth_max_time, new_snow_3h_sum_cm, remarks, fog_duration_hr"
2025-12-02,"precip_duration_hr, precip_max_10min_mm, precip_max_10min_time, precip_max_1h_mm, precip_max_1h_time, precip_mm, new_snow_max_cm, new_snow_max_time, snow_depth_max_cm, snow_depth_max_time, new_snow_3h_sum_cm, remarks, fog_duration_hr"
2025-12-03,"precip_duration_hr, precip_max_10min_mm, precip_max_10min_time, precip_max_1h_mm, precip_max_1h_time, precip_mm, new_snow_max_cm, new_snow_max_time, snow_depth_max_cm, snow_depth_max_time, new_snow_3h_sum_cm, remarks, fog_duration_hr"
2025-12-04,"precip_duration_hr, precip_max_10min_mm, precip_max_10min_time, precip_max_1h_mm, precip_max_1h_time, new_snow_max_cm, new_snow_max_time, snow_depth_max_cm, snow_depth_max_time, new_snow_3h_sum_cm, remarks, fog_duration_hr"
2025-12-05,"precip_duration_hr, precip_max_10min_mm, precip_max_10min_time, precip_max_1h_mm, precip_max_1h_time, precip_mm, new_snow_max_cm, new_snow_max_time, snow_depth_max_cm, snow_depth_max_time, new_snow_3h_sum_cm, remarks, fog_duration_hr"
2025-12-06,"precip_duration_hr, precip_max_10min_mm, precip_max_10min_time, precip_max_1h_mm, precip_max_1h_time, new_snow_max_cm, new_snow_max_time, snow_depth_max_cm, snow_depth_max_time, new_snow_3h_sum_cm, remarks, fog_duration_hr"
2025-12-07,"precip_duration_hr, precip_max_10min_mm, precip_max_10min_time, precip_max_1h_mm, precip_max_1h_time, precip_mm, new_snow_max_cm, new_snow_max_time, snow_depth_max_cm, snow_depth_max_time, new_snow_3h_sum_cm, remarks, fog_duration_hr"
2025-12-08,"precip_duration_hr, precip_max_10min_mm, precip_max_10min_time, precip_max_1h_mm, precip_max_1h_time, precip_mm, new_snow_max_cm, new_snow_max_time, snow_depth_max_cm, snow_depth_max_time, new_snow_3h_sum_cm, remarks, fog_duration_hr"
2025-12-09,"precip_duration_hr, precip_max_10min_mm, precip_max_10min_time, precip_max_1h_mm, precip_max_1h_time, precip_mm, new_snow_max_cm, new_snow_max_time, snow_depth_max_cm, snow_depth_max_time, new_snow_3h_sum_cm, remarks, fog_duration_hr"
2025-12-10,"precip_duration_hr, precip_max_10min_mm, precip_max_10min_time, precip_max_1h_mm, precip_max_1h_time, new_snow_max_cm, new_snow_max_time, snow_depth_max_cm, snow_depth_max_time, new_snow_3h_sum_cm, remarks, fog_duration_hr"
2025-12-11,"precip_duration_hr, precip_max_10min_mm, precip_max_10min_time, precip_max_1h_mm, precip_max_1h_time, new_snow_max_cm, new_snow_max_time, snow_depth_max_cm, snow_depth_max_time, new_snow_3h_sum_cm, remarks, fog_duration_hr"
2025-12-12,"precip_duration_hr, precip_max_10min_mm, precip_max_10min_time, precip_max_1h_mm, precip_max_1h_time, precip_mm, new_snow_max_cm, new_snow_max_time, snow_depth_max_cm, snow_depth_max_time, new_snow_3h_sum_cm, remarks, fog_duration_hr"
2025-12-13,"precip_duration_hr, precip_max_10min_mm, precip_max_10min_time, precip_max_1h_mm, precip_max_1h_time, new_snow_max_cm, new_snow_max_time, snow_depth_max_cm, snow_depth_max_time, new_snow_3h_sum_cm, remarks, fog_duration_hr"
2025-12-14,"precip_duration_hr, precip_max_10min_mm, precip_max_10min_time, precip_max_1h_mm, precip_max_1h_time, precip_mm, new_snow_max_cm, new_snow_max_time, snow_depth_max_cm, snow_depth_max_time, new_snow_3h_sum_cm, remarks, fog_duration_hr"
2025-12-15,"precip_duration_hr, precip_max_10min_mm, precip_max_10min_time, precip_max_1h_mm, precip_max_1h_time, precip_mm, new_snow_max_cm, new_snow_max_time, snow_depth_max_cm, snow_depth_max_time, new_snow_3h_sum_cm, remarks, fog_duration_hr"
2025-12-16,"precip_duration_hr, precip_max_10min_mm, precip_max_10min_time, precip_max_1h_mm, precip_max_1h_time, new_snow_max_cm, new_snow_max_time, snow_depth_max_cm, snow_depth_max_time, new_snow_3h_sum_cm, remarks, fog_duration_hr"
2025-12-17,"precip_duration_hr, precip_max_10min_mm, precip_max_10min_time, precip_max_1h_mm, precip_max_1h_time, precip_mm, new_snow_max_cm, new_snow_max_time, snow_depth_max_cm, snow_depth_max_time, new_snow_3h_sum_cm, remarks, fog_duration_hr"
2025-12-18,"precip_duration_hr, precip_max_10min_mm, precip_max_10min_time, precip_max_1h_mm, precip_max_1h_time, precip_mm, new_snow_max_cm, new_snow_max_time, snow_depth_max_cm, snow_depth_max_time, new_snow_3h_sum_cm, remarks, fog_duration_hr"
2025-12-19,"precip_duration_hr, precip_max_10min_mm, precip_max_10min_time, precip_max_1h_mm, precip_max_1h_time, precip_mm, new_snow_max_cm, new_snow_max_time, snow_depth_max_cm, snow_depth_max_time, new_snow_3h_sum_cm, remarks, fog_duration_hr"
2025-12-20,"precip_duration_hr, precip_max_10min_mm, precip_max_10min_time, precip_max_1h_mm, precip_max_1h_time, new_snow_max_cm, new_snow_max_time, snow_depth_max_cm, snow_depth_max_time, new_snow_3h_sum_cm, remarks, fog_duration_hr"
2025-12-21,"precip_duration_hr, precip_max_10min_mm, precip_max_10min_time, precip_max_1h_mm, precip_max_1h_time, precip_mm, new_snow_max_cm, new_snow_max_time, snow_depth_max_cm, snow_depth_max_time, new_snow_3h_sum_cm, remarks, fog_duration_hr"
2025-12-22,"precip_duration_hr, precip_max_10min_mm, precip_max_10min_time, precip_max_1h_mm, precip_max_1h_time, precip_mm, new_snow_max_cm, new_snow_max_time, snow_depth_max_cm, snow_depth_max_time, new_snow_3h_sum_cm, remarks, fog_duration_hr"
2025-12-23,"precip_duration_hr, precip_max_10min_mm, precip_max_10min_time, precip_max_1h_mm, precip_max_1h_time, new_snow_max_cm, new_snow_max_time, snow_depth_max_cm, snow_depth_max_time, new_snow_3h_sum_cm, remarks, fog_duration_hr"
2025-12-24,"precip_duration_hr, precip_max_10min_mm, precip_max_10min_time, precip_max_1h_mm, precip_max_1h_time, precip_mm, new_snow_max_cm, new_snow_max_time, snow_depth_max_cm, snow_depth_max_time, new_snow_3h_sum_cm, remarks, fog_duration_hr"
2025-12-25,"precip_duration_hr, precip_max_10min_mm, precip_max_10min_time, precip_max_1h_mm, precip_max_1h_time, precip_mm, new_snow_max_cm, new_snow_max_time, snow_depth_max_cm, snow_depth_max_time, new_snow_3h_sum_cm, remarks, fog_duration_hr"
2025-12-26,"precip_duration_hr, precip_max_10min_mm, precip_max_10min_time, precip_max_1h_mm, precip_max_1h_time, precip_mm, new_snow_max_cm, new_snow_max_time, snow_depth_max_cm, snow_depth_max_time, new_snow_3h_sum_cm, remarks, fog_duration_hr"
2025-12-27,"precip_duration_hr, precip_max_10min_mm, precip_max_10min_time, precip_max_1h_mm, precip_max_1h_time, new_snow_max_cm, new_snow_max_time, snow_depth_max_cm, snow_depth_max_time, new_snow_3h_sum_cm, remarks, fog_duration_hr"
2025-12-28,"precip_duration_hr, precip_max_10min_mm, precip_max_10min_time, precip_max_1h_mm, precip_max_1h_time, new_snow_max_cm, new_snow_max_time, snow_depth_max_cm, snow_depth_max_time, new_snow_3h_sum_cm, remarks, fog_duration_hr"
2025-12-29,"precip_duration_hr, precip_max_10min_mm, precip_max_10min_time, precip_max_1h_mm, precip_max_1h_time, new_snow_max_cm, new_snow_max_time, snow_depth_max_cm, snow_depth_max_time, new_snow_3h_sum_cm, remarks, fog_duration_hr"
2025-12-30,"precip_duration_hr, precip_max_10min_mm, precip_max_10min_time, precip_max_1h_mm, precip_max_1h_time, precip_mm, new_snow_max_cm, new_snow_max_time, snow_depth_max_cm, snow_depth_max_time, new_snow_3h_sum_cm, remarks, fog_duration_hr"
2025-12-31,"precip_duration_hr, precip_max_10min_mm, precip_max_10min_time, precip_max_1h_mm, precip_max_1h_time, precip_mm, new_snow_max_cm, new_snow_max_time, snow_depth_max_cm, snow_depth_max_time, new_snow_3h_sum_cm, remarks, fog_duration_hr"
