event_id,type,start_date,end_date,duration_days,event_days,peak_value,peak_variable,baseline_start,baseline_end,observation_start,observation_end,parent_event_id,severe_event_days,baseline_in_period,observation_in_period,baseline_event_days,observation_event_days,baseline_days_effective,baseline_overlap,observation_end_effective,observation_days_effective,observation_cut_by,analysis_role,exclude_reason
HEAT01,폭염,2025-07-01,2025-07-01,1,1,33.4,apparent_temp_max_c,2025-06-24,2025-06-30,2025-07-02,2025-07-15,,0,False,True,0,3,0,,2025-07-06,5,HEAT02(7/7),excluded,베이스라인 2025-06-24~2025-06-30이 카드 자료 시작일(2025-07-01) 이전에 걸림
HEAT02,폭염,2025-07-07,2025-07-09,3,3,35.8,apparent_temp_max_c,2025-06-30,2025-07-06,2025-07-10,2025-07-23,,1,False,True,1,2,5,HEAT01 7/1,2025-07-19,10,RAIN01(7/20),excluded,베이스라인 2025-06-30~2025-07-06이 카드 자료 시작일(2025-07-01) 이전에 걸림
HEAT03,폭염,2025-07-23,2025-08-04,13,10,35.5,apparent_temp_max_c,2025-07-16,2025-07-22,2025-08-05,2025-08-18,,1,True,True,1,1,6,RAIN01 7/20,2025-08-17,13,HEAT04(8/18),case_study,유효 베이스라인 6일 < 7일 (다른 사건 기간 RAIN01 7/20 제외)
HEAT04,폭염,2025-08-18,2025-08-25,8,6,34.1,apparent_temp_max_c,2025-08-11,2025-08-17,2025-08-26,2025-09-08,,0,True,True,0,1,7,,2025-08-28,3,HEAT05(8/29),case_study,관찰기간이 HEAT05(8/29)에서 절단되어 3일 < 7일
HEAT05,폭염,2025-08-29,2025-08-29,1,1,33.4,apparent_temp_max_c,2025-08-22,2025-08-28,2025-08-30,2025-09-12,,0,True,True,3,0,3,HEAT04 8/22~8/25,2025-09-12,14,,case_study,유효 베이스라인 3일 < 7일 (다른 사건 기간 HEAT04 8/22~8/25 제외)
SHEAT01,강한 폭염,2025-07-08,2025-07-08,1,1,35.8,apparent_temp_max_c,2025-07-01,2025-07-07,2025-07-10,2025-07-23,HEAT02,,True,True,2,2,5,"HEAT01 7/1, HEAT02 7/7",2025-07-19,10,RAIN01(7/20),case_study,"일반 폭염 사건 HEAT02 내부의 강도 특성: 독립 회복 사건으로 비교하지 않음 (HEAT02.severe_event_days에 반영); 유효 베이스라인 5일 < 7일 (다른 사건 기간 HEAT01 7/1, HEAT02 7/7 제외)"
SHEAT02,강한 폭염,2025-07-28,2025-07-28,1,1,35.5,apparent_temp_max_c,2025-07-21,2025-07-27,2025-08-05,2025-08-18,HEAT03,,True,True,3,1,2,HEAT03 7/23~7/27,2025-08-17,13,HEAT04(8/18),case_study,일반 폭염 사건 HEAT03 내부의 강도 특성: 독립 회복 사건으로 비교하지 않음 (HEAT03.severe_event_days에 반영); 유효 베이스라인 2일 < 7일 (다른 사건 기간 HEAT03 7/23~7/27 제외)
RAIN01,호우,2025-07-20,2025-07-20,1,1,94.7,precip_mm,2025-07-13,2025-07-19,2025-07-21,2025-08-03,,,True,True,0,9,7,,2025-07-22,2,HEAT03(7/23),case_study,사례연구 후보: 사건 수가 적어 정식 통계비교 제외; 관찰기간이 HEAT03(7/23)에서 절단되어 2일 < 7일
SNOW_NA,폭설,,,,,,,,,,,,,,,,,,,,,,excluded,데이터 없음: 적설 열이 전 기간 결측이라 판정 불가
