event_id,type,analysis_role,window,date,day_offset,is_effective,overlap_event_id,ineffective_reason
HEAT01,폭염,excluded,baseline,2025-06-24,-7,False,,분석 기간 밖
HEAT01,폭염,excluded,baseline,2025-06-25,-6,False,,분석 기간 밖
HEAT01,폭염,excluded,baseline,2025-06-26,-5,False,,분석 기간 밖
HEAT01,폭염,excluded,baseline,2025-06-27,-4,False,,분석 기간 밖
HEAT01,폭염,excluded,baseline,2025-06-28,-3,False,,분석 기간 밖
HEAT01,폭염,excluded,baseline,2025-06-29,-2,False,,분석 기간 밖
HEAT01,폭염,excluded,baseline,2025-06-30,-1,False,,분석 기간 밖
HEAT01,폭염,excluded,event,2025-07-01,0,True,,
HEAT01,폭염,excluded,observation,2025-07-02,1,True,,
HEAT01,폭염,excluded,observation,2025-07-03,2,True,,
HEAT01,폭염,excluded,observation,2025-07-04,3,True,,
HEAT01,폭염,excluded,observation,2025-07-05,4,True,,
HEAT01,폭염,excluded,observation,2025-07-06,5,True,,
HEAT01,폭염,excluded,observation,2025-07-07,6,False,HEAT02,관찰 절단: HEAT02(7/7)에서 새 사건
HEAT01,폭염,excluded,observation,2025-07-08,7,False,"HEAT02,SHEAT01",관찰 절단: HEAT02(7/7)에서 새 사건
HEAT01,폭염,excluded,observation,2025-07-09,8,False,HEAT02,관찰 절단: HEAT02(7/7)에서 새 사건
HEAT01,폭염,excluded,observation,2025-07-10,9,False,,관찰 절단: HEAT02(7/7)에서 새 사건
HEAT01,폭염,excluded,observation,2025-07-11,10,False,,관찰 절단: HEAT02(7/7)에서 새 사건
HEAT01,폭염,excluded,observation,2025-07-12,11,False,,관찰 절단: HEAT02(7/7)에서 새 사건
HEAT01,폭염,excluded,observation,2025-07-13,12,False,,관찰 절단: HEAT02(7/7)에서 새 사건
HEAT01,폭염,excluded,observation,2025-07-14,13,False,,관찰 절단: HEAT02(7/7)에서 새 사건
HEAT01,폭염,excluded,observation,2025-07-15,14,False,,관찰 절단: HEAT02(7/7)에서 새 사건
HEAT02,폭염,excluded,baseline,2025-06-30,-7,False,,분석 기간 밖
HEAT02,폭염,excluded,baseline,2025-07-01,-6,False,HEAT01,다른 사건 기간(HEAT01)
HEAT02,폭염,excluded,baseline,2025-07-02,-5,True,,
HEAT02,폭염,excluded,baseline,2025-07-03,-4,True,,
HEAT02,폭염,excluded,baseline,2025-07-04,-3,True,,
HEAT02,폭염,excluded,baseline,2025-07-05,-2,True,,
HEAT02,폭염,excluded,baseline,2025-07-06,-1,True,,
HEAT02,폭염,excluded,event,2025-07-07,0,True,,
HEAT02,폭염,excluded,event,2025-07-08,1,True,,
HEAT02,폭염,excluded,event,2025-07-09,2,True,,
HEAT02,폭염,excluded,observation,2025-07-10,1,True,,
HEAT02,폭염,excluded,observation,2025-07-11,2,True,,
HEAT02,폭염,excluded,observation,2025-07-12,3,True,,
HEAT02,폭염,excluded,observation,2025-07-13,4,True,,
HEAT02,폭염,excluded,observation,2025-07-14,5,True,,
HEAT02,폭염,excluded,observation,2025-07-15,6,True,,
HEAT02,폭염,excluded,observation,2025-07-16,7,True,,
HEAT02,폭염,excluded,observation,2025-07-17,8,True,,
HEAT02,폭염,excluded,observation,2025-07-18,9,True,,
HEAT02,폭염,excluded,observation,2025-07-19,10,True,,
HEAT02,폭염,excluded,observation,2025-07-20,11,False,RAIN01,관찰 절단: RAIN01(7/20)에서 새 사건
HEAT02,폭염,excluded,observation,2025-07-21,12,False,,관찰 절단: RAIN01(7/20)에서 새 사건
HEAT02,폭염,excluded,observation,2025-07-22,13,False,,관찰 절단: RAIN01(7/20)에서 새 사건
HEAT02,폭염,excluded,observation,2025-07-23,14,False,HEAT03,관찰 절단: RAIN01(7/20)에서 새 사건
HEAT03,폭염,case_study,baseline,2025-07-16,-7,True,,
HEAT03,폭염,case_study,baseline,2025-07-17,-6,True,,
HEAT03,폭염,case_study,baseline,2025-07-18,-5,True,,
HEAT03,폭염,case_study,baseline,2025-07-19,-4,True,,
HEAT03,폭염,case_study,baseline,2025-07-20,-3,False,RAIN01,다른 사건 기간(RAIN01)
HEAT03,폭염,case_study,baseline,2025-07-21,-2,True,,
HEAT03,폭염,case_study,baseline,2025-07-22,-1,True,,
HEAT03,폭염,case_study,event,2025-07-23,0,True,,
HEAT03,폭염,case_study,event,2025-07-24,1,True,,
HEAT03,폭염,case_study,event,2025-07-25,2,True,,
HEAT03,폭염,case_study,event,2025-07-26,3,True,,
HEAT03,폭염,case_study,event,2025-07-27,4,True,,
HEAT03,폭염,case_study,event,2025-07-28,5,True,,
HEAT03,폭염,case_study,event,2025-07-29,6,True,,
HEAT03,폭염,case_study,event,2025-07-30,7,True,,
HEAT03,폭염,case_study,event,2025-07-31,8,True,,
HEAT03,폭염,case_study,event,2025-08-01,9,True,,
HEAT03,폭염,case_study,event,2025-08-02,10,True,,
HEAT03,폭염,case_study,event,2025-08-03,11,True,,
HEAT03,폭염,case_study,event,2025-08-04,12,True,,
HEAT03,폭염,case_study,observation,2025-08-05,1,True,,
HEAT03,폭염,case_study,observation,2025-08-06,2,True,,
HEAT03,폭염,case_study,observation,2025-08-07,3,True,,
HEAT03,폭염,case_study,observation,2025-08-08,4,True,,
HEAT03,폭염,case_study,observation,2025-08-09,5,True,,
HEAT03,폭염,case_study,observation,2025-08-10,6,True,,
HEAT03,폭염,case_study,observation,2025-08-11,7,True,,
HEAT03,폭염,case_study,observation,2025-08-12,8,True,,
HEAT03,폭염,case_study,observation,2025-08-13,9,True,,
HEAT03,폭염,case_study,observation,2025-08-14,10,True,,
HEAT03,폭염,case_study,observation,2025-08-15,11,True,,
HEAT03,폭염,case_study,observation,2025-08-16,12,True,,
HEAT03,폭염,case_study,observation,2025-08-17,13,True,,
HEAT03,폭염,case_study,observation,2025-08-18,14,False,HEAT04,관찰 절단: HEAT04(8/18)에서 새 사건
HEAT04,폭염,case_study,baseline,2025-08-11,-7,True,,
HEAT04,폭염,case_study,baseline,2025-08-12,-6,True,,
HEAT04,폭염,case_study,baseline,2025-08-13,-5,True,,
HEAT04,폭염,case_study,baseline,2025-08-14,-4,True,,
HEAT04,폭염,case_study,baseline,2025-08-15,-3,True,,
HEAT04,폭염,case_study,baseline,2025-08-16,-2,True,,
HEAT04,폭염,case_study,baseline,2025-08-17,-1,True,,
HEAT04,폭염,case_study,event,2025-08-18,0,True,,
HEAT04,폭염,case_study,event,2025-08-19,1,True,,
HEAT04,폭염,case_study,event,2025-08-20,2,True,,
HEAT04,폭염,case_study,event,2025-08-21,3,True,,
HEAT04,폭염,case_study,event,2025-08-22,4,True,,
HEAT04,폭염,case_study,event,2025-08-23,5,True,,
HEAT04,폭염,case_study,event,2025-08-24,6,True,,
HEAT04,폭염,case_study,event,2025-08-25,7,True,,
HEAT04,폭염,case_study,observation,2025-08-26,1,True,,
HEAT04,폭염,case_study,observation,2025-08-27,2,True,,
HEAT04,폭염,case_study,observation,2025-08-28,3,True,,
HEAT04,폭염,case_study,observation,2025-08-29,4,False,HEAT05,관찰 절단: HEAT05(8/29)에서 새 사건
HEAT04,폭염,case_study,observation,2025-08-30,5,False,,관찰 절단: HEAT05(8/29)에서 새 사건
HEAT04,폭염,case_study,observation,2025-08-31,6,False,,관찰 절단: HEAT05(8/29)에서 새 사건
HEAT04,폭염,case_study,observation,2025-09-01,7,False,,관찰 절단: HEAT05(8/29)에서 새 사건
HEAT04,폭염,case_study,observation,2025-09-02,8,False,,관찰 절단: HEAT05(8/29)에서 새 사건
HEAT04,폭염,case_study,observation,2025-09-03,9,False,,관찰 절단: HEAT05(8/29)에서 새 사건
HEAT04,폭염,case_study,observation,2025-09-04,10,False,,관찰 절단: HEAT05(8/29)에서 새 사건
HEAT04,폭염,case_study,observation,2025-09-05,11,False,,관찰 절단: HEAT05(8/29)에서 새 사건
HEAT04,폭염,case_study,observation,2025-09-06,12,False,,관찰 절단: HEAT05(8/29)에서 새 사건
HEAT04,폭염,case_study,observation,2025-09-07,13,False,,관찰 절단: HEAT05(8/29)에서 새 사건
HEAT04,폭염,case_study,observation,2025-09-08,14,False,,관찰 절단: HEAT05(8/29)에서 새 사건
HEAT05,폭염,case_study,baseline,2025-08-22,-7,False,HEAT04,다른 사건 기간(HEAT04)
HEAT05,폭염,case_study,baseline,2025-08-23,-6,False,HEAT04,다른 사건 기간(HEAT04)
HEAT05,폭염,case_study,baseline,2025-08-24,-5,False,HEAT04,다른 사건 기간(HEAT04)
HEAT05,폭염,case_study,baseline,2025-08-25,-4,False,HEAT04,다른 사건 기간(HEAT04)
HEAT05,폭염,case_study,baseline,2025-08-26,-3,True,,
HEAT05,폭염,case_study,baseline,2025-08-27,-2,True,,
HEAT05,폭염,case_study,baseline,2025-08-28,-1,True,,
HEAT05,폭염,case_study,event,2025-08-29,0,True,,
HEAT05,폭염,case_study,observation,2025-08-30,1,True,,
HEAT05,폭염,case_study,observation,2025-08-31,2,True,,
HEAT05,폭염,case_study,observation,2025-09-01,3,True,,
HEAT05,폭염,case_study,observation,2025-09-02,4,True,,
HEAT05,폭염,case_study,observation,2025-09-03,5,True,,
HEAT05,폭염,case_study,observation,2025-09-04,6,True,,
HEAT05,폭염,case_study,observation,2025-09-05,7,True,,
HEAT05,폭염,case_study,observation,2025-09-06,8,True,,
HEAT05,폭염,case_study,observation,2025-09-07,9,True,,
HEAT05,폭염,case_study,observation,2025-09-08,10,True,,
HEAT05,폭염,case_study,observation,2025-09-09,11,True,,
HEAT05,폭염,case_study,observation,2025-09-10,12,True,,
HEAT05,폭염,case_study,observation,2025-09-11,13,True,,
HEAT05,폭염,case_study,observation,2025-09-12,14,True,,
SHEAT01,강한 폭염,case_study,baseline,2025-07-01,-7,False,HEAT01,다른 사건 기간(HEAT01)
SHEAT01,강한 폭염,case_study,baseline,2025-07-02,-6,True,,
SHEAT01,강한 폭염,case_study,baseline,2025-07-03,-5,True,,
SHEAT01,강한 폭염,case_study,baseline,2025-07-04,-4,True,,
SHEAT01,강한 폭염,case_study,baseline,2025-07-05,-3,True,,
SHEAT01,강한 폭염,case_study,baseline,2025-07-06,-2,True,,
SHEAT01,강한 폭염,case_study,baseline,2025-07-07,-1,False,HEAT02,다른 사건 기간(HEAT02)
SHEAT01,강한 폭염,case_study,event,2025-07-08,0,True,,
SHEAT01,강한 폭염,case_study,observation,2025-07-10,1,True,,
SHEAT01,강한 폭염,case_study,observation,2025-07-11,2,True,,
SHEAT01,강한 폭염,case_study,observation,2025-07-12,3,True,,
SHEAT01,강한 폭염,case_study,observation,2025-07-13,4,True,,
SHEAT01,강한 폭염,case_study,observation,2025-07-14,5,True,,
SHEAT01,강한 폭염,case_study,observation,2025-07-15,6,True,,
SHEAT01,강한 폭염,case_study,observation,2025-07-16,7,True,,
SHEAT01,강한 폭염,case_study,observation,2025-07-17,8,True,,
SHEAT01,강한 폭염,case_study,observation,2025-07-18,9,True,,
SHEAT01,강한 폭염,case_study,observation,2025-07-19,10,True,,
SHEAT01,강한 폭염,case_study,observation,2025-07-20,11,False,RAIN01,관찰 절단: RAIN01(7/20)에서 새 사건
SHEAT01,강한 폭염,case_study,observation,2025-07-21,12,False,,관찰 절단: RAIN01(7/20)에서 새 사건
SHEAT01,강한 폭염,case_study,observation,2025-07-22,13,False,,관찰 절단: RAIN01(7/20)에서 새 사건
SHEAT01,강한 폭염,case_study,observation,2025-07-23,14,False,HEAT03,관찰 절단: RAIN01(7/20)에서 새 사건
SHEAT02,강한 폭염,case_study,baseline,2025-07-21,-7,True,,
SHEAT02,강한 폭염,case_study,baseline,2025-07-22,-6,True,,
SHEAT02,강한 폭염,case_study,baseline,2025-07-23,-5,False,HEAT03,다른 사건 기간(HEAT03)
SHEAT02,강한 폭염,case_study,baseline,2025-07-24,-4,False,HEAT03,다른 사건 기간(HEAT03)
SHEAT02,강한 폭염,case_study,baseline,2025-07-25,-3,False,HEAT03,다른 사건 기간(HEAT03)
SHEAT02,강한 폭염,case_study,baseline,2025-07-26,-2,False,HEAT03,다른 사건 기간(HEAT03)
SHEAT02,강한 폭염,case_study,baseline,2025-07-27,-1,False,HEAT03,다른 사건 기간(HEAT03)
SHEAT02,강한 폭염,case_study,event,2025-07-28,0,True,,
SHEAT02,강한 폭염,case_study,observation,2025-08-05,1,True,,
SHEAT02,강한 폭염,case_study,observation,2025-08-06,2,True,,
SHEAT02,강한 폭염,case_study,observation,2025-08-07,3,True,,
SHEAT02,강한 폭염,case_study,observation,2025-08-08,4,True,,
SHEAT02,강한 폭염,case_study,observation,2025-08-09,5,True,,
SHEAT02,강한 폭염,case_study,observation,2025-08-10,6,True,,
SHEAT02,강한 폭염,case_study,observation,2025-08-11,7,True,,
SHEAT02,강한 폭염,case_study,observation,2025-08-12,8,True,,
SHEAT02,강한 폭염,case_study,observation,2025-08-13,9,True,,
SHEAT02,강한 폭염,case_study,observation,2025-08-14,10,True,,
SHEAT02,강한 폭염,case_study,observation,2025-08-15,11,True,,
SHEAT02,강한 폭염,case_study,observation,2025-08-16,12,True,,
SHEAT02,강한 폭염,case_study,observation,2025-08-17,13,True,,
SHEAT02,강한 폭염,case_study,observation,2025-08-18,14,False,HEAT04,관찰 절단: HEAT04(8/18)에서 새 사건
RAIN01,호우,case_study,baseline,2025-07-13,-7,True,,
RAIN01,호우,case_study,baseline,2025-07-14,-6,True,,
RAIN01,호우,case_study,baseline,2025-07-15,-5,True,,
RAIN01,호우,case_study,baseline,2025-07-16,-4,True,,
RAIN01,호우,case_study,baseline,2025-07-17,-3,True,,
RAIN01,호우,case_study,baseline,2025-07-18,-2,True,,
RAIN01,호우,case_study,baseline,2025-07-19,-1,True,,
RAIN01,호우,case_study,event,2025-07-20,0,True,,
RAIN01,호우,case_study,observation,2025-07-21,1,True,,
RAIN01,호우,case_study,observation,2025-07-22,2,True,,
RAIN01,호우,case_study,observation,2025-07-23,3,False,HEAT03,관찰 절단: HEAT03(7/23)에서 새 사건
RAIN01,호우,case_study,observation,2025-07-24,4,False,HEAT03,관찰 절단: HEAT03(7/23)에서 새 사건
RAIN01,호우,case_study,observation,2025-07-25,5,False,HEAT03,관찰 절단: HEAT03(7/23)에서 새 사건
RAIN01,호우,case_study,observation,2025-07-26,6,False,HEAT03,관찰 절단: HEAT03(7/23)에서 새 사건
RAIN01,호우,case_study,observation,2025-07-27,7,False,HEAT03,관찰 절단: HEAT03(7/23)에서 새 사건
RAIN01,호우,case_study,observation,2025-07-28,8,False,"HEAT03,SHEAT02",관찰 절단: HEAT03(7/23)에서 새 사건
RAIN01,호우,case_study,observation,2025-07-29,9,False,HEAT03,관찰 절단: HEAT03(7/23)에서 새 사건
RAIN01,호우,case_study,observation,2025-07-30,10,False,HEAT03,관찰 절단: HEAT03(7/23)에서 새 사건
RAIN01,호우,case_study,observation,2025-07-31,11,False,HEAT03,관찰 절단: HEAT03(7/23)에서 새 사건
RAIN01,호우,case_study,observation,2025-08-01,12,False,HEAT03,관찰 절단: HEAT03(7/23)에서 새 사건
RAIN01,호우,case_study,observation,2025-08-02,13,False,HEAT03,관찰 절단: HEAT03(7/23)에서 새 사건
RAIN01,호우,case_study,observation,2025-08-03,14,False,HEAT03,관찰 절단: HEAT03(7/23)에서 새 사건
