¡ˆ¡°,¡ˆ¡°∏Ì,¿œΩ√,∆Ú±’±‚ø¬(°∆C),√÷¿˙±‚ø¬(°∆C),√÷¿˙±‚ø¬ Ω√∞¢(hhmi),√÷∞Ì±‚ø¬(°∆C),√÷∞Ì±‚ø¬ Ω√∞¢(hhmi),∞≠ºˆ ∞Ëº”Ω√∞£(hr),10∫– √÷¥Ÿ ∞≠ºˆ∑Æ(mm),10∫– √÷¥Ÿ∞≠ºˆ∑Æ Ω√∞¢(hhmi),1Ω√∞£ √÷¥Ÿ∞≠ºˆ∑Æ(mm),1Ω√∞£ √÷¥Ÿ ∞≠ºˆ∑Æ Ω√∞¢(hhmi),¿œ∞≠ºˆ∑Æ(mm),√÷¥Î º¯∞£ «≥º”(m/s),√÷¥Î º¯∞£ «≥º” «≥«‚(16πÊ¿ß),√÷¥Î º¯∞£«≥º” Ω√∞¢(hhmi),√÷¥Î «≥º”(m/s),√÷¥Î «≥º” «≥«‚(16πÊ¿ß),√÷¥Î «≥º” Ω√∞¢(hhmi),∆Ú±’ «≥º”(m/s),«≥¡§«’(100m),√÷¥Ÿ«≥«‚(16πÊ¿ß),∆Ú±’ ¿ÃΩΩ¡°ø¬µµ(°∆C),√÷º“ ªÛ¥ÎΩ¿µµ(%),√÷º“ ªÛ¥ÎΩ¿µµ Ω√∞¢(hhmi),∆Ú±’ ªÛ¥ÎΩ¿µµ(%),∆Ú±’ ¡ı±‚æ–(hPa),¿œ √÷Ω…Ω≈¿˚º≥(cm),¿œ √÷Ω…Ω≈¿˚º≥ Ω√∞¢(hhmi),¿œ √÷Ω…¿˚º≥(cm),¿œ √÷Ω…¿˚º≥ Ω√∞¢(hhmi),«’∞Ë 3Ω√∞£ Ω≈¿˚º≥(cm),∆Ú±’ ¿¸øÓ∑Æ(1/10),∆Ú±’ ¡ﬂ«œ√˛øÓ∑Æ(1/10),±‚ªÁ,æ»∞≥ ∞Ëº”Ω√∞£(hr)
101,√·√µ,2025-07-01,27.5,22.9,332,33.1,1521,,.5,917,.9,827,1.3,7.1,250,1522,3.7,200,1608,1.5,1270,180,23.5,58,1510,79.9,28.9,,,,,,6,2.9,,
101,√·√µ,2025-07-02,27.8,24.4,352,32,1314,,,,,,,7.3,200,1337,4.2,200,1321,1.5,1283,200,23.4,58,1326,78.1,28.7,,,,,,7.3,2.8,,
101,√·√µ,2025-07-03,27.9,24,320,31.6,1506,,0,,0,,0,6.7,200,1244,3.7,200,1227,1.5,1332,200,22.9,59,1511,75.4,27.9,,,,,,8.3,1.4,,
101,√·√µ,2025-07-04,25.4,24.3,2231,27.9,1101,,.6,1447,1.2,1418,1.7,6.8,140,1309,4.4,160,1311,1.5,1302,160,21.9,67,1105,81.4,26.2,,,,,,8.5,4.9,,
101,√·√µ,2025-07-05,27.6,24.6,350,31.5,1717,,,,,,,5.5,200,1816,3.1,180,1755,1.4,1202,160,22.7,61,1704,75.4,27.6,,,,,,7,4.8,,
101,√·√µ,2025-07-06,27.4,25.1,646,30.1,1401,,,,,,,5,200,1158,3.1,200,1226,1.5,1257,160,23.3,69,1356,78.9,28.7,,,,,,7.8,6.8,,
101,√·√µ,2025-07-07,29.7,25.8,506,34.9,1525,,,,,,,4.5,20,2209,2.9,50,2208,1.4,1184,230,24.2,52,1529,74,30.2,,,,,,3.5,2.1,,
101,√·√µ,2025-07-08,29.4,24.6,539,36.9,1608,,0,,0,,0,10.9,270,1759,6.1,270,1803,1.9,1638,290,23.6,45,1611,72.5,29.2,,,,,,3.1,1.9,,
101,√·√µ,2025-07-09,29.9,24.4,522,35.6,1524,,,,,,,6.6,20,1417,3.9,70,1641,2.4,2099,50,21.3,38,1631,62,25.4,,,,,,1.8,1.1,,
101,√·√µ,2025-07-10,28.2,22.8,532,34.4,1358,,,,,,,9.4,50,1340,6.1,20,1340,2.7,2345,50,16.7,28,1349,53.5,19.2,,,,,,1.4,0,,
101,√·√µ,2025-07-11,26.7,19.6,531,33.6,1556,,,,,,,8.6,20,1835,5.4,50,1641,3.1,2711,50,16.7,34,1407,57.3,19,,,,,,0,0,,
101,√·√µ,2025-07-12,27.2,19.5,527,35.4,1625,,,,,,,4.8,290,407,3.2,320,213,2,1694,320,16.8,30,1232,57.5,19.2,,,,,,1.4,0,,
101,√·√µ,2025-07-13,25,20.5,549,30.5,1101,,.2,,.4,1535,.4,4.1,230,1319,3,340,449,1.1,986,320,20.5,52,1116,77.8,24.2,,,,,,8.5,1.5,,
101,√·√µ,2025-07-14,21.6,20.2,549,23.9,1240,,3.5,45,4.2,20,18.5,6.2,320,1435,3.1,290,1443,1.1,912,320,19.7,78,1300,89.5,23,,,,,,10,2.1,,
101,√·√µ,2025-07-15,22.6,20.1,147,26.2,1440,,8,1949,20.9,1916,30.5,5.8,290,1859,3.5,320,1902,1.1,928,200,19.7,66,1443,84.9,23,,,,,,8.4,3.4,,
101,√·√µ,2025-07-16,22.2,20.9,2042,25.2,1033,,5.5,2150,20.9,2101,55.2,4.9,160,1106,2.7,230,1353,.9,771,20,20.6,79,1032,91,24.2,,,,,,9.5,3.9,,
101,√·√µ,2025-07-17,21.8,20.9,932,23.5,1231,,2.6,447,9.4,402,42.1,8,200,806,4,340,549,1.1,951,230,20.7,84,1250,93.9,24.5,,,,,,10,4.5,,
101,√·√µ,2025-07-18,23.6,21.5,356,26.3,1525,,4.2,1143,9,1105,18.6,2.9,340,1246,2.2,340,1251,.6,487,320,22,78,1448,91.3,26.4,,,,,,9.3,4.3,,
101,√·√µ,2025-07-19,23.2,21.6,630,24.9,1814,,3.3,341,7.5,2221,23,3.1,90,406,2,290,1043,.7,581,290,21.9,88,1107,93.1,26.4,,,,,,8.1,4.8,,
101,√·√µ,2025-07-20,26.5,23,452,32.1,1646,,10.5,254,46.6,207,94.7,6.7,230,1323,3.7,230,1320,1.5,1260,230,22.9,52,1649,82.3,27.9,,,,,,7.4,2.1,,
101,√·√µ,2025-07-21,27.6,23.2,330,32.8,1609,,,,,,,8.1,230,1049,3.7,230,1516,1.4,1212,230,23.1,56,1611,78.1,28.3,,,,,,6.3,2.1,,
101,√·√µ,2025-07-22,28.1,24.2,2347,33.3,1540,,0,,0,,0,6.5,270,1209,3.5,270,1625,1.5,1326,180,22.6,51,1538,73.9,27.3,,,,,,6.1,.9,,
101,√·√µ,2025-07-23,27.4,22.1,506,33.7,1538,,,,,,,4.9,250,1332,2.8,230,1336,1.4,1219,290,22.4,48,1540,76.6,27.2,,,,,,6,2,,
101,√·√µ,2025-07-24,28,23.2,405,34.7,1556,,,,,,,4.2,250,1604,2.8,250,1527,1.3,1159,290,22.7,36,1555,75.5,27.6,,,,,,5.4,2.3,,
101,√·√µ,2025-07-25,28.5,22.9,447,36.5,1644,,,,,,,4.6,290,1225,2.6,320,336,1.5,1280,320,21.6,24,1437,71,26,,,,,,.5,.1,,
101,√·√µ,2025-07-26,29.4,23.5,509,36.5,1641,,,,,,,4.2,140,1321,2.7,250,1753,1.4,1248,290,22.8,40,1518,70.8,27.7,,,,,,2.6,0,,
101,√·√µ,2025-07-27,29.7,24.1,440,36.5,1549,,,,,,,4.6,270,1258,3.1,230,1358,1.5,1338,230,22.9,40,1527,70.1,27.9,,,,,,.1,0,,
101,√·√µ,2025-07-28,29.9,24,538,36.6,1535,,,,,,,4.7,320,2120,2.8,320,2125,1.4,1221,320,23.5,45,1634,71.3,28.9,,,,,,1.1,0,,
101,√·√µ,2025-07-29,29.9,23.6,549,37.1,1507,,,,,,,4.4,250,1616,2.9,320,24,1.7,1458,320,22.6,35,1511,68.3,27.4,,,,,,2.5,.1,,
101,√·√µ,2025-07-30,29.3,24.7,517,35.6,1416,,,,,,,4.9,290,2120,3.1,290,2122,1.5,1253,320,23.6,48,1458,73.3,29.1,,,,,,7.8,3.4,,
101,√·√µ,2025-07-31,28.8,25.4,620,34.2,1436,,,,,,,4.1,320,150,2.9,320,1759,1.4,1209,320,22.7,44,1408,72,27.7,,,,,,9.1,4.3,,
101,√·√µ,2025-08-01,29,24.2,504,35.5,1430,,0,,0,,0,4.7,200,1525,2.9,290,338,1.4,1204,320,22.5,44,1352,70.3,27.3,,,,,,8,1.8,,
101,√·√µ,2025-08-02,29,24.4,554,35,1457,,,,,,,5.1,250,1504,2.9,230,1426,1.6,1345,320,22.7,46,1438,71.1,27.6,,,,,,7.4,2.6,,
101,√·√µ,2025-08-03,27,23,2357,32.3,1436,,.4,2157,.4,1937,1.4,5.6,140,2107,2.6,320,2319,1.1,974,320,23.2,57,1503,81,28.5,,,,,,9.6,2,,
101,√·√µ,2025-08-04,27,21.8,500,33.3,1631,,1.7,130,3.8,58,7.7,4.6,340,14,3.1,320,100,1.5,1274,200,22.7,52,1617,78.9,27.7,,,,,,5.4,2.5,,
101,√·√µ,2025-08-05,28.2,25,350,33.4,1438,,,,,,,6.5,200,1500,3.9,200,1509,1.5,1303,230,22.9,48,1410,74.8,27.9,,,,,,6.4,3.3,,
101,√·√µ,2025-08-06,24.8,23.2,2335,27.1,1826,,6.6,1134,26.9,1106,70.9,7.1,20,1100,3.4,290,1112,1,834,160,23.1,83,31,90.5,28.3,,,,,,7.6,2.5,,
101,√·√µ,2025-08-07,26.8,22.4,321,32.3,1418,,,,,,,6.5,200,1537,3.7,200,1537,1.2,1013,250,20.5,45,1533,71.6,24.2,,,,,,4,.4,,
101,√·√µ,2025-08-08,26.4,21.2,404,32.5,1528,,,,,,,4.9,250,1454,2.9,290,1828,1.4,1236,230,20.8,43,1632,73.6,24.6,,,,,,5.9,2.6,,
101,√·√µ,2025-08-09,23.9,20.2,2345,27.2,1216,,,,,,,5.1,200,1349,2.8,200,1348,1,882,270,20.1,64,1749,80.1,23.6,,,,,,8,2.9,,
101,√·√µ,2025-08-10,25.5,19,433,32.9,1713,,,,,,,4.9,270,1410,3.2,270,1416,1.3,1143,320,19.4,42,1702,72.4,22.6,,,,,,1.9,.1,,
101,√·√µ,2025-08-11,24.8,21.7,617,28.8,1614,,,,,,,4.6,320,12,3.1,320,17,1.3,1101,320,21,65,1826,80.3,24.9,,,,,,7.5,1.1,,
101,√·√µ,2025-08-12,27,21.7,307,33.8,1733,,,,,,,4.8,200,1951,3,180,1955,1.3,1094,250,20.6,43,1727,70.6,24.3,,,,,,2.8,1,,
101,√·√µ,2025-08-13,22.8,21.1,1204,24.3,2215,,6.1,1951,12.3,1144,65.1,5.5,160,2129,2.9,160,2134,.9,754,270,21.3,81,23,91.3,25.3,,,,,,10,5.3,,
101,√·√µ,2025-08-14,25.1,23.2,318,29,1427,,7.4,602,16.4,541,41.6,6.1,180,1128,3.5,200,1129,1.2,1022,180,22.9,72,1431,88.5,28,,,,,,8.1,4.3,,
101,√·√µ,2025-08-15,27,22.9,522,32.7,1553,,,,,,,5.3,200,1701,3.3,250,1724,1.2,1016,200,22.5,55,1430,78.4,27.2,,,,,,3.4,1.3,,
101,√·√µ,2025-08-16,27.3,22.8,438,33,1506,,,,,,,7,180,1613,3.8,230,1552,1.5,1257,200,22.3,51,1508,76.4,27,,,,,,5.3,1.5,,
101,√·√µ,2025-08-17,26.2,22.4,403,31.5,1319,,,,,,,5.1,250,1437,2.9,230,1559,1,898,200,22.6,56,1342,81.8,27.4,,,,,,9.5,1.8,,
101,√·√µ,2025-08-18,27.4,23.8,603,33.2,1438,,.3,622,.6,542,.7,7.5,230,1621,3.9,230,1557,1.4,1183,180,22.5,54,1439,76.4,27.3,,,,,,8.4,1.3,,
101,√·√µ,2025-08-19,27.8,23.1,604,32.7,1523,,,,,,,7.9,160,1515,5.3,230,1714,1.7,1433,230,22.4,53,1707,74.3,27.2,,,,,,4.3,.9,,
101,√·√µ,2025-08-20,27.6,23.4,313,33,1516,,4,444,7.9,359,8.6,5.3,270,1256,3.3,250,1410,1.2,1077,230,23,56,1347,78,28.1,,,,,,5.9,1.8,,
101,√·√µ,2025-08-21,27.4,23.4,441,33.5,1346,,0,,0,,0,6.1,270,1749,3.9,270,1756,1.1,963,270,23.3,54,1338,80,28.7,,,,,,6.3,4,,
101,√·√µ,2025-08-22,28.4,24.7,602,33.6,1510,,,,,,,6.5,250,1219,3.8,200,1221,1.6,1386,200,22.9,51,1409,74.4,28,,,,,,1.5,0,,
101,√·√µ,2025-08-23,26.9,22.9,510,30.7,1745,,0,,0,,0,3.9,230,1028,2.6,290,1322,1,895,290,23.5,69,1107,82.6,29.1,,,,,,4.3,2.1,,
101,√·√µ,2025-08-24,28.3,24.8,145,34.2,1611,,,,,,,4.3,250,1653,2.8,230,1719,1,903,320,24,54,1627,79.8,29.9,,,,,,2.8,1.1,,
101,√·√µ,2025-08-25,28.5,23.9,321,33.2,1534,,.4,1243,.4,1153,.4,8.2,200,1243,4.5,180,1620,1.6,1345,180,23.7,55,1539,76.5,29.3,,,,,,4.5,2.4,,
101,√·√µ,2025-08-26,26.7,23.7,2331,31.8,1538,,16,144,28.1,115,46.2,7.5,230,1515,4.7,270,145,1.5,1306,160,23.2,56,1638,82.5,28.4,,,,,,6.9,2,,
101,√·√µ,2025-08-27,26.7,22.7,319,31.8,1534,,,,,,,5.1,270,1413,3.5,290,2325,1.3,1080,230,20.9,45,1400,73.1,24.8,,,,,,5.9,2.1,,
101,√·√µ,2025-08-28,26.3,23,401,29.9,1551,,0,,0,,0,4.7,200,1343,2.9,250,1313,1.1,932,180,22.5,64,1515,80.4,27.2,,,,,,8.8,1,,
101,√·√µ,2025-08-29,28.6,25,9,33.2,1411,3.83,.4,1827,.4,1801,.6,8.9,200,1558,5,230,1612,2.1,1809,180,23.7,57,1559,75.8,29.2,,,,,,7.5,1,,
101,√·√µ,2025-08-30,26.4,24.3,2255,32.2,1344,,3.4,1449,3.9,1401,3.9,8.3,320,1419,4.6,290,1423,1.3,1088,180,23.5,60,1410,84.9,29,,,,,,7,1,,
101,√·√µ,2025-08-31,26.1,24,217,31.8,1258,,3.5,1404,4.6,1324,5.8,5.5,270,1324,3.2,290,1330,.8,712,160,23.3,61,1302,85.4,28.6,,,,,,5.6,.9,,
101,√·√µ,2025-09-01,25,22.8,2325,27.5,1631,,12.5,1831,39.6,1831,54.4,7.6,290,1826,4.1,320,1825,1.4,1185,180,23,75,1748,88.9,28.1,,,,,,9,1,,
101,√·√µ,2025-09-02,25.2,21.8,628,30.9,1539,,,,,,,3.9,270,1214,2.6,250,1650,1,849,270,20,46,1507,76,23.5,,,,,,1.9,.5,,
101,√·√µ,2025-09-03,25.8,20.7,306,32.5,1555,,,,,,,3.8,250,1316,2.7,250,1600,1.3,1120,290,20.8,46,1626,75.8,24.5,,,,,,5.9,1,,
101,√·√µ,2025-09-04,23.8,21.4,836,28.2,1619,,1.9,629,7.9,603,30,5,20,1123,3,50,1632,1.7,1431,50,20.8,67,1624,84.1,24.6,,,,,,7.4,1,,
101,√·√µ,2025-09-05,26,19.8,605,32.8,1556,,0,,0,,0,4.7,270,1509,3,320,242,1.4,1227,290,20.6,47,1427,74.8,24.4,,,,,,2.6,.9,,
101,√·√µ,2025-09-06,24.7,23,317,29.7,1417,,13.6,1544,29.3,1458,45.3,9.8,140,1450,5,160,1458,1.2,1029,180,23,71,1419,90.8,28.2,,,,,,8.6,1,,
101,√·√µ,2025-09-07,25.1,18.9,2342,30.4,1234,,2.4,110,4,32,5.1,5.9,270,1217,3.5,140,234,1.7,1508,180,19.9,45,1209,75.4,23.5,,,,,,7,1,,
101,√·√µ,2025-09-08,22.8,18.2,302,29.6,1524,,0,,0,,0,3.6,270,1329,2.3,180,1247,1.1,942,200,18.5,46,1543,78.4,21.3,,,,,,8.4,1,,
101,√·√µ,2025-09-09,21.7,17.7,2340,25.6,1705,,0,,0,,0,5.4,320,709,3.4,320,715,1.2,1059,290,18.3,64,1732,81.9,21,,,,,,7.4,.9,,
101,√·√µ,2025-09-10,22.1,15.6,637,31.3,1555,,,,,,,4.1,340,811,2.8,340,4,1.5,1255,320,15.2,28,1459,70,17.3,,,,,,1,.3,,
101,√·√µ,2025-09-11,23,15.8,553,30.8,1607,,,,,,,7,20,1418,4.4,20,1515,2.3,1951,320,15.7,36,1552,67,17.8,,,,,,1.8,.4,,
101,√·√µ,2025-09-12,22.2,18.4,415,27.4,1319,,1.9,2335,6.2,2306,8.7,5,320,742,4,320,750,1.5,1328,320,18.1,53,1208,79.4,20.9,,,,,,9.4,1,,
101,√·√µ,2025-09-13,21.6,19.5,224,25.4,1409,,6.8,449,18.1,405,66.4,5.7,290,657,3.5,290,451,2,1771,320,18.5,63,1421,83.8,21.3,,,,,,9.8,1,,
101,√·√µ,2025-09-14,22.8,18.8,622,28.4,1604,,,,,,,4.6,250,1646,2.9,290,158,1.1,933,250,18.7,57,1607,78.9,21.5,,,,,,5.6,.9,,
101,√·√µ,2025-09-15,23,18.9,158,29.6,1605,,,,,,,3.7,270,1516,2.5,270,1431,1,897,230,19.3,51,1617,81.5,22.4,,,,,,4.3,.8,,
101,√·√µ,2025-09-16,22.2,19.4,10,25.1,1423,,6,1527,13.7,1500,14.6,6.8,180,1653,4.5,250,1641,.9,811,200,20.5,80,1131,90.1,24.1,,,,,,8.3,1,,
101,√·√µ,2025-09-17,21.1,19.4,2320,23,1355,,7.6,1112,23.4,1032,60.8,6.7,20,1429,4,360,1533,1,865,290,19.8,85,1431,92.9,23.1,,,,,,9,1,,
101,√·√µ,2025-09-18,19.9,16.3,2319,24.6,1356,,,,,,,8.2,20,1550,4.7,50,1622,2.2,1863,50,15.4,50,1410,76.8,17.5,,,,,,7.4,1,,
101,√·√µ,2025-09-19,18,15.5,316,22.3,1224,,.9,2356,4.6,2331,11.5,4.9,340,212,3.7,340,219,1.3,1155,320,15.6,64,1205,86.5,17.8,,,,,,9.6,1,,
101,√·√µ,2025-09-20,18.4,16.3,454,22.1,1328,,2.5,207,10,251,41,4.9,320,516,2.8,320,549,1.2,1065,320,16.3,72,1343,88.5,18.6,,,,,,8.9,1,,
101,√·√µ,2025-09-21,19,13.9,637,25.9,1522,,,,,,,5.7,320,1200,3.1,50,1644,1.2,1062,50,13.7,43,1511,74.4,15.7,,,,,,3.6,.9,,
101,√·√µ,2025-09-22,18.2,13,430,24,1403,,,,,,,4.9,320,129,3.5,290,138,1.6,1402,320,13.7,53,1410,76.6,15.8,,,,,,9.3,1,,
101,√·√µ,2025-09-23,20.9,15.6,647,26.6,1437,,,,,,,6.3,20,1156,4.2,50,1411,2.1,1829,50,13.9,35,1440,67.4,16,,,,,,8.3,1,,
101,√·√µ,2025-09-24,19.9,17,455,22.6,1323,,4.7,1433,8.6,1430,12.7,3.3,270,1433,2.5,290,53,.7,630,290,17.4,67,1126,86.3,19.9,,,,,,9.6,1,,
101,√·√µ,2025-09-25,21.3,16.3,2358,27,1531,,,,,,,4.7,200,1608,2.8,200,1634,.9,809,230,17.5,53,1536,80.9,20,,,,,,6,.8,,
101,√·√µ,2025-09-26,19.8,15.8,36,27.1,1541,,,,,,,4.7,320,2316,2.7,320,609,1.3,1117,230,15.9,43,1523,80.9,18.1,,,,,,6,.9,,
101,√·√µ,2025-09-27,19.9,14.5,646,26.9,1516,,,,,,,4.2,320,2108,2.9,320,2114,1.1,940,320,15.5,44,1608,78.1,17.6,,,,,,3.4,.6,,
101,√·√µ,2025-09-28,17.8,16.1,254,21,1534,,2,958,9.7,957,30.9,4.8,290,1147,2.8,290,1151,.9,735,290,16.5,78,1557,92.4,18.7,,,,,,8.9,1,,
101,√·√µ,2025-09-29,19.2,15.2,2359,25.8,1546,,,,,,,3.2,250,1154,2.3,200,1349,.9,768,320,15.2,46,1539,79.5,17.2,,,,,,4.1,.8,,
101,√·√µ,2025-09-30,17.6,14.8,227,22.5,1505,,,,,,,3.2,230,1408,2.5,270,1351,.7,633,270,15.3,69,1507,87.1,17.4,,,,,,6.6,1,,
101,√·√µ,2025-10-01,19.3,16.2,2,25.4,1527,,,,,,,4,320,1909,2.1,200,925,.8,691,200,16,56,1501,82.9,18.2,,,,,,6.8,1,,
101,√·√µ,2025-10-02,19.7,15.6,224,26.5,1559,,,,,,,3.9,320,931,3,340,931,1.1,964,320,16.3,49,1558,82.1,18.6,,,,,,7.8,1,,
101,√·√µ,2025-10-03,19.7,16.8,526,23.4,1546,,.1,,.1,,.1,5.6,340,653,3.5,290,700,1.6,1393,320,16.1,61,1550,81,18.3,,,,,,7.5,.9,,
101,√·√µ,2025-10-04,21.7,18.2,1,26.1,1649,,,,,,,4.6,70,1412,3,320,823,1.5,1302,290,17.5,58,1445,78,20.1,,,,,,9.1,1,,
101,√·√µ,2025-10-05,19.9,18.3,637,22.3,1316,,.4,1549,1.4,1532,1.9,3.9,320,2353,2.9,320,2358,.8,684,340,18.1,77,1346,89.6,20.7,,,,,,9.9,3,,
101,√·√µ,2025-10-06,16.6,14.6,1918,19.4,107,,1.3,1833,6.2,1831,25.4,7.3,20,1222,3.6,50,1231,1.9,1653,290,15.1,77,1231,91.4,17.3,,,,,,10,4.6,,
101,√·√µ,2025-10-07,17.4,14.7,19,19.4,1421,,1.8,228,5.3,226,10.6,5.3,320,1040,3.7,290,1004,2.2,1872,320,16.1,88,1412,92.6,18.3,,,,,,9.5,7,,
101,√·√µ,2025-10-08,21,16.6,633,27.6,1535,,,,,,,5.2,270,1434,3.4,290,1442,1.4,1179,320,16.1,47,1354,75.6,18.3,,,,,,4.1,3.8,,
101,√·√µ,2025-10-09,18,15,2351,20.4,1139,,.1,,.1,,.1,7.4,20,1030,4.3,50,1035,2.5,2126,50,13.7,62,110,76.5,15.7,,,,,,9.1,5.8,,
101,√·√µ,2025-10-10,15.8,14.7,125,17,1519,,1.3,2348,3.1,2308,34.5,4.1,320,2251,2.8,320,2,1.5,1310,320,15,92,1,95.3,17.1,,,,,,10,5.4,,
101,√·√µ,2025-10-11,16,14.5,550,17.3,2234,,2.1,159,7.6,123,33.3,4.4,290,145,2.8,290,458,1,821,320,15.1,92,1320,95.3,17.2,,,,,,9.6,6.8,,
101,√·√µ,2025-10-12,17.8,16.9,614,19.4,1040,,.1,,.1,,.1,7.8,360,1045,3.6,50,1053,1.3,1113,320,15.6,74,1153,87.3,17.7,,,,,,9.5,5.9,,
101,√·√µ,2025-10-13,14.3,12.8,2002,16.9,1,,1.9,1610,5.5,1559,31.4,5.4,50,1225,3.5,50,1240,2,1729,320,12.8,81,1158,91.4,14.8,,,,,,10,5.5,,
101,√·√µ,2025-10-14,16.7,13.1,1,21.3,1458,,.1,,.1,,.2,5.5,20,1509,3.6,50,1516,2.1,1809,320,13.5,63,1454,82.6,15.5,,,,,,6.3,3.1,,
101,√·√µ,2025-10-15,17.8,12.7,648,24.4,1255,,.4,2350,1.6,2328,1.1,5.9,50,1638,3.6,320,214,1.7,1451,320,14.2,53,1259,81,16.2,,,,,,7,3.3,,
101,√·√µ,2025-10-16,18.4,14.8,2337,23.3,1305,,.4,3,2.1,-2351,3.4,6.5,70,1632,3.6,50,1138,1.8,1517,50,14.5,57,1327,79.3,16.5,,,,,,5.8,2.6,,
101,√·√µ,2025-10-17,18,12.4,706,24.1,1429,,.6,2252,2.2,2250,5.3,5.3,340,456,3.1,320,115,1.4,1210,320,14.3,53,1430,81.1,16.4,,,,,,6.5,3.9,,
101,√·√µ,2025-10-18,16.8,14,2352,20.4,1445,,.7,326,2.7,245,9.8,6.4,50,1556,4,70,1559,1.3,1133,50,13.3,64,1448,80.9,15.4,,,,,,9.4,4,,
101,√·√µ,2025-10-19,15.3,10.1,2358,22.1,1427,,,,,,,6.5,200,1506,4.1,230,1511,1.6,1347,270,10.1,44,1500,73,12.4,,,,,,4.4,2.5,,
101,√·√µ,2025-10-20,11.4,8,203,15.9,1243,,,,,,,6.1,50,908,4.4,50,947,1.8,1513,50,6.8,52,1240,74.8,9.9,,,,,,6.8,5.3,,
101,√·√µ,2025-10-21,11.3,6.9,651,16.8,1443,,,,,,,4.8,360,2009,2.8,290,2242,1.2,1060,320,7.1,52,1419,77.1,10.1,,,,,,5.3,1.6,,
101,√·√µ,2025-10-22,12.8,6.5,654,18.7,1415,,,,,,,6,20,1358,3.8,50,1323,2.2,1918,50,8,51,1412,74.6,10.8,,,,,,4.1,2.9,,
101,√·√µ,2025-10-23,14.3,10.2,648,21,1342,,,,,,,7.3,50,1824,3.7,70,1826,1.9,1675,320,9.1,44,1515,73.1,11.6,,,,,,4,2.6,,
101,√·√µ,2025-10-24,14.2,9.1,650,19.4,1448,,,,,,,5.7,20,1101,3.4,20,1103,2.2,1912,320,8.9,49,1357,72.8,11.4,,,,,,4,2,,
101,√·√µ,2025-10-25,13.8,9.9,627,20.5,1332,,,,,,,5.6,200,1549,3.4,200,1550,1.1,924,200,9.1,42,1413,75.8,11.6,,,,,,6.9,4.1,,
101,√·√µ,2025-10-26,11.2,8,2336,13.7,946,,0,,0,,0,3.9,230,1322,2.2,200,1205,.9,802,160,7,48,1351,77,10,,,,,,7.5,4.3,,
101,√·√µ,2025-10-27,7.1,1.8,706,11.6,1453,,,,,,,10.3,290,1050,6.8,320,1058,2.2,1871,270,-3.3,20,1334,51.6,4.9,,,,,,.1,0,,
101,√·√µ,2025-10-28,5.2,-2.6,652,14.9,1459,,,,,,,4.9,230,1629,3.4,230,1635,.8,714,270,-2.3,22,1258,64.6,5.2,,,,,,0,0,,
101,√·√µ,2025-10-29,7.4,.3,642,16.5,1415,,,,,,,3.1,50,1226,2,90,1541,.6,528,70,2.7,43,1401,75.5,7.5,,,,,,1.3,1.3,,
101,√·√µ,2025-10-30,8.9,3.6,223,17.6,1507,,,,,,,2.9,320,1341,1.9,20,1126,.5,455,320,5.8,45,1511,83.5,9.3,,,,,,6,4.1,,
101,√·√µ,2025-10-31,12.3,5.6,232,20,1535,,.5,2322,1.7,2321,1.1,3.2,200,1316,2.4,50,2400,.6,521,160,8.1,41,1518,78.6,10.9,,,,,,8.3,4.5,,
101,√·√µ,2025-11-01,12.9,9.1,718,17.5,1415,,,,,,1.8,9.2,230,1813,5.1,200,1248,1.9,1622,230,5.2,30,1338,64.3,9.1,,,,,,3.8,1.3,,
101,√·√µ,2025-11-02,7,1.3,2359,12.1,1400,,,,,,.6,9.6,250,54,5.2,270,1110,2.2,1931,250,-.8,33,1402,61,5.9,,,,,,3.1,.5,,
101,√·√µ,2025-11-03,4.8,-2.3,602,15.2,1550,,,,,,,3.3,110,1442,2,180,1116,.7,611,70,-.8,30,1604,71,5.8,,,,,,0,0,,
101,√·√µ,2025-11-04,7.9,2,1,17.4,1459,,,,,,,4.8,200,1446,2.9,230,1335,.8,708,160,2.1,32,1421,71.5,7.1,,,,,,1.6,1.5,,
101,√·√µ,2025-11-05,8,1.3,731,18.5,1552,,,,,,,3.1,200,1045,1.8,200,1426,.6,497,180,3.3,32,1422,76.5,7.8,,,,,,.9,.1,,
101,√·√µ,2025-11-06,8.3,2.8,500,18.2,1603,,,,,,,3.1,160,1118,2.1,320,853,.6,494,70,5,41,1602,82.6,8.8,,,,,,3.9,1.3,,
101,√·√µ,2025-11-07,10.9,3.8,424,19.8,1534,,,,,,,6.8,50,1827,3.7,50,1804,1.1,979,50,6.3,41,1559,76.5,9.6,,,,,,3.6,2.5,,
101,√·√µ,2025-11-08,12.3,9.8,2351,14.9,1311,,,,,,,5.1,50,1420,3.3,20,1443,1.6,1385,50,8.3,65,1322,76.9,10.9,,,,,,9.3,5,,
101,√·√µ,2025-11-09,11.7,5.8,716,18.5,1330,,,,,,,13.7,250,2201,6.2,250,2210,1.8,1557,250,3.9,26,1256,63.8,8.2,,,,,,2.3,1.4,,
101,√·√µ,2025-11-10,8,.7,2344,14.9,1459,,,,,,,7.2,250,243,4.3,270,233,1.6,1385,200,-7.1,16,1302,37.9,3.7,,,,,,.9,.3,,
101,√·√µ,2025-11-11,6,-1.3,659,15.8,1538,,,,,,,4.3,180,1704,2.8,200,1654,.7,627,50,-.6,32,1159,67.3,6,,,,,,2.5,1.4,,
101,√·√µ,2025-11-12,6.2,.1,543,17.2,1531,,,,,,,3.2,180,1539,2.1,180,1541,.6,529,110,1.5,31,1529,76.3,6.8,,,,,,1.3,1.3,,
101,√·√µ,2025-11-13,7,.3,608,18,1420,,,,,,,6.6,200,1505,3.3,230,1511,.8,673,200,1.8,29,1539,74.6,7,,,,,,.6,0,,
101,√·√µ,2025-11-14,5.7,-.7,745,15.4,1405,,,,,,,5.2,180,1512,3.2,180,1514,.9,748,70,-.9,25,1431,69.1,5.8,,,,,,0,0,,
101,√·√µ,2025-11-15,5.3,-1.9,624,16.4,1511,,,,,,,2.7,70,1448,2.1,320,1728,.6,485,90,-.8,24,1506,70.3,5.8,,,,,,.6,0,,
101,√·√µ,2025-11-16,8.8,-1.6,746,18.7,1500,,,,,,.2,7.7,200,2319,3.8,230,2345,1.1,917,70,1.3,22,1508,66,6.9,,,,,,2.3,.6,,
101,√·√µ,2025-11-17,4.1,-1.8,2400,12.3,1,,,,,,,9.3,230,242,5.5,250,232,3,2603,230,-11.6,19,947,32.3,2.6,,,,,,4.6,1.1,,
101,√·√µ,2025-11-18,-.4,-6.6,720,7.3,1528,,,,,,,6.7,250,1550,3.9,250,1545,1.1,956,110,-8.7,24,1413,58.6,3.2,,,,,,1.1,.4,,
101,√·√µ,2025-11-19,.1,-6.1,613,8.4,1518,,,,,,,4.9,180,1652,2.8,180,1652,.8,695,180,-7.3,26,1522,63.5,3.6,,,,,,0,0,,
101,√·√µ,2025-11-20,4.3,-4.4,317,13.3,1610,,,,,,,9.5,180,1629,4.8,200,1648,1.4,1227,20,-2.7,39,2213,62.5,5.1,,,,,,4.3,2,,
101,√·√µ,2025-11-21,5,-4.6,735,11.1,1320,,,,,,,7.9,200,1239,4.6,200,1243,1.6,1414,180,-2.8,28,1136,61,5.1,,,,,,3.5,2.5,,
101,√·√µ,2025-11-22,5.4,-1,723,14.4,1313,,,,,,,7.3,180,1430,4,200,1445,.7,622,200,.9,43,1501,76.3,6.6,,,,,,1.4,.3,,
101,√·√µ,2025-11-23,5.6,-.3,446,10.9,1559,,,,,,,2.5,290,512,1.7,250,1645,.4,350,70,2.6,63,1447,82,7.4,,,,,,7.5,4.9,,
101,√·√µ,2025-11-24,8.9,2.9,2326,15.7,1446,,,,,,,3.5,200,1432,2.1,270,1211,.5,410,250,5.4,56,1452,80.8,9,,,,,,2.4,1.3,,
101,√·√µ,2025-11-25,4.7,1.2,514,6.6,1614,,,,,,8.5,4.8,230,1616,2.8,230,1656,.9,815,200,3.2,82,2011,90.8,7.7,,,,,,8.4,6.1,,
101,√·√µ,2025-11-26,5.4,-.7,2328,10.6,1439,,,,,,,5.3,200,1633,3.4,230,1638,1.3,1156,160,.7,47,1454,73.8,6.5,,,,,,4.8,3,,
101,√·√µ,2025-11-27,3.2,-.8,35,6,1757,,,,,,7.6,7.8,200,2219,4.5,270,1938,1.4,1180,290,.7,57,2339,84.9,6.5,,,,,,7.8,4.4,,
101,√·√µ,2025-11-28,1.2,-3.4,738,8.3,1517,,,,,,,7.4,250,119,3.9,250,17,1.4,1224,200,-5.8,28,1547,63.1,4,,,,,,1.3,0,,
101,√·√µ,2025-11-29,1.9,-4.9,723,6.4,1316,,,,,,,2.7,290,212,1.9,320,1408,.6,486,50,-2.4,47,1320,75.3,5.2,,,,,,4.5,4.1,,
101,√·√µ,2025-11-30,9.5,3,748,15.9,1347,,,,,,,7,180,2144,3.1,180,1644,1,828,160,5.2,55,1520,75.8,8.9,,,,,,4.3,2.9,,
101,√·√µ,2025-12-01,6.1,-1.5,2329,11.9,134,,,,,,,7.9,200,1449,4.9,230,1447,1.9,1672,200,-5.1,19,1500,48.5,4.4,,,,,,1.4,1.1,,
101,√·√µ,2025-12-02,-.3,-5.4,2400,5.1,1352,,,,,,,11.6,230,1513,5.8,230,1409,2.3,2021,250,-11.5,22,1105,47.8,2.8,,,,,,3,1.1,,
101,√·√µ,2025-12-03,-6.3,-9,744,-2.5,1421,,,,,,,14.4,230,1458,7.6,270,1543,2.8,2407,250,-18.7,24,1308,37.5,1.4,,,,,,.1,.1,,
101,√·√µ,2025-12-04,-5.3,-12.8,708,1.1,1505,,,,,,.9,6.4,250,1912,3.6,230,1930,1.4,1196,180,-13.2,22,1509,59.4,2.4,,,,,,3.4,3.3,,
101,√·√µ,2025-12-05,-3.9,-9.1,816,2.5,1542,,,,,,,7.1,250,43,4.4,200,49,1.5,1321,140,-10.2,33,1547,63.5,2.8,,,,,,1.1,1.1,,
101,√·√µ,2025-12-06,-.5,-6.2,1,3,1242,,,,,,.1,2.9,20,1404,2.1,20,1407,.6,534,320,-4.3,51,1207,75.8,4.5,,,,,,8.1,6.1,,
101,√·√µ,2025-12-07,4.4,-3.6,638,12.7,1330,,,,,,,10.4,270,2346,5.2,270,2348,1,897,90,-.5,38,1404,73.9,6,,,,,,.8,.3,,
101,√·√µ,2025-12-08,1.6,-5.5,2357,8.9,1337,,,,,,,7.7,270,7,4.3,250,9,1.5,1255,70,-9.3,15,1347,49.9,3.1,,,,,,.5,0,,
101,√·√µ,2025-12-09,-1,-8,717,8,1502,,,,,,,7.3,250,1523,3.9,270,1544,.8,686,50,-6,38,1301,72.3,4,,,,,,.8,.3,,
101,√·√µ,2025-12-10,0,-4.9,421,4.7,1520,,,,,,0,2.9,290,1953,2,290,1955,.4,333,20,-2.1,68,1442,85.6,5.3,,,,,,7.1,6.1,,
101,√·√µ,2025-12-11,2.3,-1.8,2358,9.8,1501,,,,,,9.8,8.2,270,1648,4.8,270,1655,1,840,20,-.9,37,1545,81.5,5.8,,,,,,5.4,2.6,,
101,√·√µ,2025-12-12,1.9,-3.8,339,6.9,1351,,,,,,,5,160,2113,3,290,532,1.7,1430,320,-3.9,45,1353,66.9,4.6,,,,,,5.4,2.4,,
101,√·√µ,2025-12-13,1,.3,29,2.6,1005,,,,,,8.8,4.9,200,2159,3.3,200,2210,.9,807,320,-.9,78,937,87.3,5.7,,,,,,9.6,6.5,,
101,√·√µ,2025-12-14,-1.2,-5.5,2335,1.7,1413,,,,,,,8.7,230,540,4.4,200,504,1.9,1661,200,-4.6,64,1415,77.9,4.4,,,,,,5.4,4,,
101,√·√µ,2025-12-15,-2.4,-6.1,55,1.3,1452,,,,,,,3.4,20,1256,2.4,50,1304,.8,692,50,-3.9,74,1442,89.5,4.6,,,,,,7.5,6.3,,
101,√·√µ,2025-12-16,1,-1.4,1,1.9,1528,,,,,,.7,2.7,340,2355,1.4,270,133,.4,325,20,-.1,89,1046,93,6.1,,,,,,9.4,6,,
101,√·√µ,2025-12-17,2.4,-3.1,2355,7.3,1438,,,,,,,4.9,230,1551,3.2,230,1550,.8,734,180,-.4,56,1553,83,6,,,,,,4.4,3.6,,
101,√·√µ,2025-12-18,-1.1,-3.9,131,5,1546,,,,,,,2.9,70,1307,2.6,290,1745,.8,659,20,-2.9,57,1541,88.3,4.9,,,,,,5.6,3.1,,
101,√·√µ,2025-12-19,-.9,-5.1,250,3.3,1610,,,,,,,2.8,340,1034,1.9,320,1037,.5,471,20,-2.7,70,1612,87.8,5.1,,,,,,7.4,5.4,,
101,√·√µ,2025-12-20,4.1,1.2,1,7.4,1745,,,,,,.4,9.4,200,2304,5.1,230,2233,.9,815,200,1.1,41,2309,83.1,6.8,,,,,,8.5,6.3,,
101,√·√µ,2025-12-21,-1.3,-7.2,2345,4.4,1545,,,,,,,9.3,200,144,5.3,230,33,1.9,1657,180,-12.6,22,1611,44.6,2.3,,,,,,1.8,0,,
101,√·√µ,2025-12-22,-3.3,-9.1,703,5.2,1451,,,,,,,3.8,320,933,2.3,320,915,.8,665,270,-10.2,19,1458,65.4,2.9,,,,,,1.9,.3,,
101,√·√µ,2025-12-23,-2.1,-6.3,355,.3,1505,,,,,,7.6,3.4,320,626,2.3,270,1415,.6,485,20,-4.5,65,1301,83.8,4.5,,,,,,9.1,5,,
101,√·√µ,2025-12-24,1.3,-.1,1,3.8,1412,,,,,,,2.9,320,859,2.5,320,922,.5,423,270,-.9,67,1422,85.5,5.7,,,,,,8.8,7.9,,
101,√·√µ,2025-12-25,-2.1,-8.6,2340,2.4,1053,,,,,,,9.1,250,1417,5,230,1417,2.5,2153,250,-9.8,33,1147,58.1,3.2,,,,,,2.3,1.9,,
101,√·√µ,2025-12-26,-9.1,-13.4,756,-3.6,1519,,,,,,,7.7,230,15,5.2,250,19,1.6,1407,200,-18.1,23,1627,51.3,1.5,,,,,,1.5,0,,
101,√·√µ,2025-12-27,-7.1,-12.5,39,-2.8,1613,,,,,,0,2.8,360,1251,2,50,1928,.9,752,290,-10.6,60,1050,76.3,2.8,,,,,,9,6.1,,
101,√·√µ,2025-12-28,-.1,-5.1,1,3.8,1412,,,,,,1,2.7,270,2301,1.7,270,2304,.5,450,270,-3.1,68,1412,80.3,4.9,,,,,,8.9,7.1,,
101,√·√µ,2025-12-29,3,-2.6,2330,8.9,1513,,,,,,.8,7.3,290,1724,3.9,200,1529,1.2,1035,250,-.2,49,1724,81.1,6.1,,,,,,3.8,3.1,,
101,√·√µ,2025-12-30,-1.8,-7.4,805,4.6,1416,,,,,,,8.2,290,1311,4.6,290,1351,1.3,1109,250,-9.9,24,1305,60,3,,,,,,1.5,1.3,,
101,√·√µ,2025-12-31,-6,-10.2,758,-.7,1356,,,,,,,7.4,250,1618,4.6,250,1524,1.6,1394,230,-16.2,19,1401,48,1.8,,,,,,0,0,,
